Sentence_ID,Genre,Title,Sentence,VADER_Compound,Rater_1,Rater_2,Rater_3
1,Gothic/Horror,"Frankenstein; or, the modern p","If you are not located in the United States, you will have to check the laws of the country where you are located before using this eBook.",0.4215,,,
2,Gothic/Horror,"Frankenstein; or, the modern p",I have read with ardour the accounts of the various voyages which have been made in the prospect of arriving at the North Pacific Ocean through the seas which surround the pole.,0.296,,,
3,Gothic/Horror,"Frankenstein; or, the modern p","My courage and my resolution is firm; but my hopes fluctuate, and my spirits are often depressed.",0.09,,,
4,Gothic/Horror,"Frankenstein; or, the modern p","I desire the company of a man who could sympathise with me, whose eyes would reply to mine.",0.4019,,,
5,Gothic/Horror,"Frankenstein; or, the modern p","I heard of him first in rather a romantic manner, from a lady who owes to him the happiness of her life.",0.743,,,
6,Gothic/Horror,"Frankenstein; or, the modern p","I am practically industrious--painstaking, a workman to execute with perseverance and labour--but besides this there is a love for the marvellous, a belief in the marvellous, intertwined in all my projects, which hurries me out of the common pathways of men, even to the wild sea and unvisited regions I am about to explore.",0.6369,,,
7,Gothic/Horror,"Frankenstein; or, the modern p",My swelling heart involuntarily pours itself out thus.,0.0,,,
8,Gothic/Horror,"Frankenstein; or, the modern p","He was not, as the other traveller seemed to be, a savage inhabitant of some undiscovered island, but a European.",-0.25,,,
9,Gothic/Horror,"Frankenstein; or, the modern p","But he is generally melancholy and despairing, and sometimes he gnashes his teeth, as if impatient of the weight of woes that oppresses him.",-0.9428,,,
10,Gothic/Horror,"Frankenstein; or, the modern p","Yet his manners are so conciliating and gentle that the sailors are all interested in him, although they have had very little communication with him.",0.834,,,
11,Gothic/Horror,"Frankenstein; or, the modern p","At first I perceived that he tried to suppress his emotion; he placed his hands before his eyes, and my voice quivered and failed me as I beheld tears trickle fast from between his fingers; a groan burst from his heaving breast.",-0.6369,,,
12,Gothic/Horror,"Frankenstein; or, the modern p","Such a man has a double existence: he may suffer misery and be overwhelmed by disappointments, yet when he has retired into himself, he will be like a celestial spirit that has a halo around him, within whose circle no grief or folly ventures.",-0.9042,,,
13,Gothic/Horror,"Frankenstein; or, the modern p","I have resolved every night, when I am not imperatively occupied by my duties, to record, as nearly as possible in his own words, what he has related during the day.",0.1779,,,
14,Gothic/Horror,"Frankenstein; or, the modern p","But when he entered, misery and despair alone welcomed him.",-0.8126,,,
15,Gothic/Horror,"Frankenstein; or, the modern p","Her health, and even the tranquillity of her hitherto constant spirit, had been shaken by what she had gone through.",0.4939,,,
16,Gothic/Horror,"Frankenstein; or, the modern p","Her hair was the brightest living gold, and despite the poverty of her clothing, seemed to set a crown of distinction on her head.",0.7719,,,
17,Gothic/Horror,"Frankenstein; or, the modern p","On the evening previous to her being brought to my home, my mother had said playfully, ""I have a pretty present for my Victor--tomorrow he shall have it.""",0.7003,,,
18,Gothic/Horror,"Frankenstein; or, the modern p",Henry Clerval was the son of a merchant of Geneva.,0.0,,,
19,Gothic/Horror,"Frankenstein; or, the modern p","Her sympathy was ours; her smile, her soft voice, the sweet glance of her celestial eyes, were ever there to bless and animate us.",0.8689,,,
20,Gothic/Horror,"Frankenstein; or, the modern p","In spite of the intense labour and wonderful discoveries of modern philosophers, I always came from my studies discontented and unsatisfied.",-0.5994,,,
21,Gothic/Horror,Dracula,"If you are not located in the United States, you will have to check the laws of the country where you are located before using this eBook.",0.4215,,,
22,Gothic/Horror,Dracula,"In the population of Transylvania there are four distinct nationalities: Saxons in the South, and mixed with them the Wallachs, who are the descendants of the Dacians; Magyars in the West, and Szekelys in the East and North.",0.0,,,
23,Gothic/Horror,Dracula,"The strangest figures we saw were the Slovaks, who were more barbarian than the rest, with their big cow-boy hats, great baggy dirty-white trousers, white linen shirts, and enormous heavy leather belts, nearly a foot wide, all studded over with brass nails.",0.6249,,,
24,Gothic/Horror,Dracula,"This could not be true, because up to then he had understood it perfectly; at least, he answered my questions exactly as if he did.",0.4344,,,
25,Gothic/Horror,Dracula,It was all very ridiculous but I did not feel comfortable.,-0.6651,,,
26,Gothic/Horror,Dracula,"I must say they were not cheering to me, for amongst them were ""Ordog""--Satan, ""pokol""--hell, ""stregoica""--witch, ""vrolok"" and ""vlkoslak""--both of which mean the same thing, one being Slovak and the other Servian for something that is either were-wolf or vampire.",-0.4023,,,
27,Gothic/Horror,Dracula,"As we wound on our endless way, and the sun sank lower and lower behind us, the shadows of the evening began to creep round us.",-0.5267,,,
28,Gothic/Horror,Dracula,Then the mountains seemed to come nearer to us on each side and to frown down upon us; we were entering on the Borgo Pass.,0.0,,,
29,Gothic/Horror,Dracula,"I could only see the gleam of a pair of very bright eyes, which seemed red in the lamplight, as he turned to us.",0.4927,,,
30,Gothic/Horror,Dracula,"The carriage went at a hard pace straight along, then we made a complete turn and went along another straight road.",0.34,,,
31,Gothic/Horror,Dracula,"The baying of the wolves sounded nearer and nearer, as though they were closing round on us from every side.",0.0,,,
32,Gothic/Horror,Dracula,"I called to the coachman to come, for it seemed to me that our only chance was to try to break out through the ring and to aid his approach.",0.25,,,
33,Gothic/Horror,Dracula,"As I stood, the driver jumped again into his seat and shook the reins; the horses started forward, and trap and all disappeared down one of the dark openings.",-0.5574,,,
34,Gothic/Horror,Dracula,"He held in his hand an antique silver lamp, in which the flame burned without chimney or globe of any kind, throwing long quivering shadows as it flickered in the draught of the open door.",0.765,,,
35,Gothic/Horror,Dracula,"When you are ready, come into the other room, where you will find your supper prepared.""",0.3612,,,
36,Gothic/Horror,Dracula,"His eyebrows were very massive, almost meeting over the nose, and with bushy hair that seemed to curl in its own profusion.",0.0,,,
37,Gothic/Horror,Dracula,"With a courteous bow, he opened for me himself the door to the octagonal room, and I entered my bedroom....",0.5106,,,
38,Gothic/Horror,Dracula,"There was absolutely nothing in the room, book, newspaper, or even writing materials; so I opened another door in the room and found a sort of library.",0.0,,,
39,Gothic/Horror,Dracula,"Here I am noble; I am boyar ; the common people know me, and I am master.",0.4588,,,
40,Gothic/Horror,Dracula,"Why, there is hardly a foot of soil in all this region that has not been enriched by the blood of men, patriots or invaders.",0.0,,,
41,Gothic/Horror,Carmilla,"If you are not located in the United States, you will have to check the laws of the country where you are located before using this eBook.",0.4215,,,
42,Gothic/Horror,Carmilla,"The forest opens in an irregular and very picturesque glade before its gate, and at the right a steep Gothic bridge carries the road over a stream that winds in deep shadow through the wood.",0.4391,,,
43,Gothic/Horror,Carmilla,"These were our regular social resources; but of course there were chance visits from ""neighbors"" of only five or six leagues distance.",0.3612,,,
44,Gothic/Horror,Carmilla,"I remember the nursery maid petting me, and all three examining my chest, where I told them I felt the puncture, and pronouncing that there was no sign visible that any such thing had happened to me.",-0.296,,,
45,Gothic/Horror,Carmilla,"""General Spielsdorf cannot come to us so soon as I had hoped,"" said my father, as we pursued our walk.",0.0,,,
46,Gothic/Horror,Carmilla,Before then I had no idea of her danger.,-0.6808,,,
47,Gothic/Horror,Carmilla,We heard their voices gabbling in animated dialogue as we approached.,0.0,,,
48,Gothic/Horror,Carmilla,But I feel as if some great misfortune were hanging over us.,0.7684,,,
49,Gothic/Horror,Carmilla,"She was what is called a fine looking woman for her time of life, and must have been handsome; she was tall, but not thin, and dressed in black velvet, and looked rather pale, but with a proud and commanding countenance, though now agitated strangely.",-0.0387,,,
50,Gothic/Horror,Carmilla,"There was something in this lady's air and appearance so distinguished and even imposing, and in her manner so engaging, as to impress one, quite apart from the dignity of her equipage, with a conviction that she was a person of consequence.",0.8083,,,
51,Gothic/Horror,Carmilla,"The walls are covered with tapestry, and surrounded with great gold frames, the figures being as large as life, in ancient and very curious costume, and the subjects represented are hunting, hawking, and generally festive.",0.8655,,,
52,Gothic/Horror,Carmilla,"This made us all the more inquisitive as to what had passed between him and the lady in the black velvet, in the brief but earnest interview that had immediately preceded her departure.",0.7137,,,
53,Gothic/Horror,Carmilla,Our visitor lay in one of the handsomest rooms in the schloss.,0.5574,,,
54,Gothic/Horror,Carmilla,"I was a child, about six years old, and I awoke from a confused and troubled dream, and found myself in a room, unlike my nursery, wainscoted clumsily in some dark wood, and with cupboards and bedsteads, and chairs, and benches placed about it.",-0.5106,,,
55,Gothic/Horror,Carmilla,It has become a habit--and you look so kind I know you will forgive me.,0.7555,,,
56,Gothic/Horror,Carmilla,"It was exquisitely fine and soft, and in color a rich very dark brown, with something of gold.",0.6597,,,
57,Gothic/Horror,Carmilla,"Once or twice, indeed, I did attack her more directly.",-0.4767,,,
58,Gothic/Horror,Carmilla,"It was like the ardor of a lover; it embarrassed me; it was hateful and yet over-powering; and with gloating eyes she drew me to her, and her hot lips traveled along my cheek in kisses; and she would whisper, almost in sobs, ""You are mine, you shall be mine, you and I are one for ever.""",0.1725,,,
59,Gothic/Horror,Carmilla,I gathered from these chance hints that her native country was much more remote than I had at first fancied.,0.25,,,
60,Gothic/Horror,Carmilla,"""The swineherd's young wife died only a week ago, and she thought something seized her by the throat as she lay in her bed, and ne",-0.5574,,,
61,Gothic/Horror,The Picture of Dorian Gray,"If you are not located in the United States, you will have to check the laws of the country where you are located before using this eBook.",0.4215,,,
62,Gothic/Horror,The Picture of Dorian Gray,We can forgive a man for making a useful thing as long as he does not admire it.,0.3498,,,
63,Gothic/Horror,The Picture of Dorian Gray,"Intellect is in itself a mode of exaggeration, and destroys the harmony of any face.",0.2732,,,
64,Gothic/Horror,The Picture of Dorian Gray,"If I did, I would lose all my pleasure.",0.25,,,
65,Gothic/Horror,The Picture of Dorian Gray,"""I will tell you,"" said Hallward; but an expression of perplexity came over his face.",0.0,,,
66,Gothic/Horror,The Picture of Dorian Gray,It was not conscience that made me do so: it was a sort of cowardice.,0.0,,,
67,Gothic/Horror,The Picture of Dorian Gray,"""Oh, something like, 'Charming boy--poor dear mother and I absolutely inseparable.",0.836,,,
68,Gothic/Horror,The Picture of Dorian Gray,"Now, the value of an idea has nothing whatsoever to do with the sincerity of the man who expresses it.",0.34,,,
69,Gothic/Horror,The Picture of Dorian Gray,"You remember that landscape of mine, for which Agnew offered me such a huge price but which I would not part with?",0.1655,,,
70,Gothic/Horror,The Picture of Dorian Gray,"As a rule, he is charming to me, and we sit in the studio and talk of a thousand things.",0.5859,,,
71,Gothic/Horror,The Picture of Dorian Gray,He pictured to himself with silent amusement the tedious luncheon that he had missed by staying so long with Basil Hallward.,0.0772,,,
72,Gothic/Horror,The Picture of Dorian Gray,"said Lord Henry, smiling, and taking Hallward by the arm, he almost led him into the house.",0.4588,,,
73,Gothic/Horror,The Picture of Dorian Gray,"""You are too charming to go in for philanthropy, Mr. Gray--far too charming.""",0.5859,,,
74,Gothic/Horror,The Picture of Dorian Gray,"And now, Dorian, get up on the platform, and don't move about too much, or pay any attention to what Lord Henry says.",-0.1027,,,
75,Gothic/Horror,The Picture of Dorian Gray,"You, Mr. Gray, you yourself, with your rose-red youth and your rose-white boyhood, you have had passions that have made you afraid, thoughts that have filled you with terror, day-dreams and sleeping dreams whose mere memory might stain your cheek with shame--"" ""Stop!""",0.4199,,,
76,Gothic/Horror,The Picture of Dorian Gray,"""He has certainly not been paying me compliments.",0.6249,,,
77,Gothic/Horror,The Picture of Dorian Gray,"He had known Basil Hallward for months, but the friendship between them had never altered him.",0.5927,,,
78,Gothic/Horror,The Picture of Dorian Gray,"Time is jealous of you, and wars against your lilies and your roses.",-0.765,,,
79,Gothic/Horror,The Picture of Dorian Gray,"The light is quite perfect, and you can bring your drinks.""",0.6115,,,
80,Gothic/Horror,The Picture of Dorian Gray,"He stood there motionless and in wonder, dimly conscious that Hallward was speaking to him, but not",0.0,,,
81,Gothic/Horror,The Yellow Wallpaper,"If you are not located in the United States, you will have to check the laws of the country where you are located before using this eBook.",0.4215,,,
82,Gothic/Horror,The Yellow Wallpaper,"I never saw such a garden--large and shady, full of box-bordered paths, and lined with long grape-covered arbors with seats under them.",0.0,,,
83,Gothic/Horror,The Yellow Wallpaper,"It is stripped off--the paper--in great patches all around the head of my bed, about as far as I can reach, and in a great place on the other side of the room low down.",0.802,,,
84,Gothic/Horror,The Yellow Wallpaper,"And yet I cannot be with him, it makes me so nervous.",-0.4101,,,
85,Gothic/Horror,The Yellow Wallpaper,It is so discouraging not to have any advice and companionship about my work.,-0.5777,,,
86,Gothic/Horror,The Yellow Wallpaper,I must not let her find me writing.,0.0,,,
87,Gothic/Horror,The Yellow Wallpaper,"John is kept in town very often by serious cases, and Jennie is good and lets me alone when I want her to.",0.1621,,,
88,Gothic/Horror,The Yellow Wallpaper,"John says I mustn't lose my strength, and has me take cod-liver oil and lots of tonics and things, to say nothing of ale and wine and rare meat.",-0.0951,,,
89,Gothic/Horror,The Yellow Wallpaper,I wonder--I begin to think--I wish John would take me away from here!,0.4574,,,
90,Gothic/Horror,The Yellow Wallpaper,"""Better in body perhaps""--I began, and stopped short, for he sat up straight and looked at me with such a stern, reproachful look that I could not say another word.",0.4404,,,
91,Gothic/Horror,The Yellow Wallpaper,"I didn't realize for a long time what the thing was that showed behind,--that dim sub-pattern,--but now I am quite sure it is a woman.",0.3804,,,
92,Gothic/Horror,The Yellow Wallpaper,"He laughed a little the other day, and said I seemed to be flourishing in spite of my wallpaper.",-0.1027,,,
93,Gothic/Horror,The Yellow Wallpaper,I thought seriously of burning the house--to reach the smell.,-0.1531,,,
94,Gothic/Horror,The Yellow Wallpaper,"I see her on that long road under the trees, creeping along, and when a carriage comes she hides under the blackberry vines.",-0.1779,,,
95,Gothic/Horror,The Yellow Wallpaper,She said I slept a good deal in the daytime.,0.4404,,,
96,Gothic/Horror,The Yellow Wallpaper,She tried to get me out of the room--it was too patent!,0.0,,,
97,Gothic/Horror,The Yellow Wallpaper,I wonder if they all come out of that wallpaper as I did?,0.0,,,
98,Gothic/Horror,The Yellow Wallpaper,can copy and distribute it in the United States without permission and without paying copyright royalties.,0.4215,,,
99,Gothic/Horror,The Yellow Wallpaper,The person or entity that provided you with the defective work may elect to provide a replacement copy in lieu of a refund.,-0.4404,,,
100,Gothic/Horror,The Yellow Wallpaper,Most people start at our website which ha,0.34,,,
101,Adventure,The call of the wild,"If you are not located in the United States, you will have to check the laws of the country where you are located before using this eBook.",0.4215,,,
102,Adventure,The call of the wild,But he had saved himself by not becoming a mere pampered house-dog.,0.5719,,,
103,Adventure,The call of the wild,"The next he knew, he was dimly aware that his tongue was hurting and that he was being jolted along in some kind of a conveyance.",-0.4019,,,
104,Adventure,The call of the wild,He could not understand what it all meant.,0.0,,,
105,Adventure,The call of the wild,"That had given them an unfair advantage; but now that it was off, he would show them.",-0.1406,,,
106,Adventure,The call of the wild,"He had never been struck by a club in his life, and did not understand.",0.1877,,,
107,Adventure,The call of the wild,"Be a bad dog, and I'll whale the stuffin' outa you.",-0.5423,,,
108,Adventure,The call of the wild,"Perrault knew dogs, and when he looked at Buck he knew that he was one in a thousand--""One in ten t'ousand,"" he commented mentally.",0.0,,,
109,Adventure,The call of the wild,More of this white stuff was falling through the air.,-0.1531,,,
110,Adventure,The call of the wild,"Curly rushed her antagonist, who struck again and leaped aside.",-0.5994,,,
111,Adventure,The call of the wild,"Spitz was the leader, likewise experienced, and while he could not always get at Buck, he growled sharp reproof now and again, or cunningly threw his weight in the traces to jerk Buck into the way he should go.",-0.34,,,
112,Adventure,The call of the wild,A chill wind was blowing that nipped him sharply and bit with especial venom into his wounded shoulder.,0.0,,,
113,Adventure,The call of the wild,"It was a token that he was harking back through his own life to the lives of his forebears; for he was a civilized dog, an unduly civilized dog, and of his own experience knew no trap and so could not of himself fear it.",-0.2197,,,
114,Adventure,The call of the wild,"They made good time down the chain of lakes which fills the craters of extinct volcanoes, and late that night pulled into the huge camp at the head of Lake Bennett, where thousands of goldseekers were building boats against the break-up of the ice in the spring.",0.6369,,,
115,Adventure,The call of the wild,"It was all well enough in the Southland, under the law of love and fellowship, to respect private property and personal feelings; but in the Northland, under the law of club and fang, whoso took such things into account was a fool, and in so far as he observed them he would fail to prosper.",-0.6597,,,
116,Adventure,The call of the wild,"And when, on the still cold nights, he pointed his nose at a star and howled long and wolflike, it was his ancestors, dead and dust, pointing nose at star and howling down through the centuries and through him.",-0.6486,,,
117,Adventure,The call of the wild,"François was surprised, too, when they shot out in a tangle from the disrupted nest and he divined the cause of the trouble.",0.0,,,
118,Adventure,The call of the wild,"He flung himself upon another, and at the same time felt teeth sink into his own throat.",0.0,,,
119,Adventure,The call of the wild,"Two hours of cursing and exertion got the harnesses into shape, and the wound-stiffened team was under way, struggling painfully over the hardest part of the trail they had yet encountered, and for that matter, the hardest between them and Dawson.",-0.7269,,,
120,Adventure,The call of the wild,Buck's feet were not so compact and hard as the,-0.1689,,,
121,Adventure,White Fang,"If you are not located in the United States, you will have to check the laws of the country where you are located before using this eBook.",0.4215,,,
122,Adventure,White Fang,"But under it all they were men, penetrating the land of desolation and mockery and silence, puny adventurers bent on colossal adventure, pitting themselves against the might of a world as remote and alien and pulseless as the abysses of space.",0.3291,,,
123,Adventure,White Fang,Nor did he speak till he had taken his seat on the coffin and begun to eat.,0.0,,,
124,Adventure,White Fang,"You noticed yourself the row the dogs made.""",0.0,,,
125,Adventure,White Fang,Bill had finished his pipe and was helping his companion to spread the bed of fur and blanket upon the spruce boughs which he had laid over the snow before supper.,0.296,,,
126,Adventure,White Fang,"Daylight was yet three hours away, though it was already six o'clock; and in the darkness Henry went about preparing breakfast, while Bill rolled the blankets and made the sled ready for lashing.",0.128,,,
127,Adventure,White Fang,"But it had four legs an' a mouth an' hair an' looked like any dog.""",0.5023,,,
128,Adventure,White Fang,About the neck of each dog he had fastened a leather thong.,0.0,,,
129,Adventure,White Fang,A log fell apart with a loud spluttering noise.,0.0,,,
130,Adventure,White Fang,"Without haste, with the air of one resigned to misfortune Bill turned his head, and from where he sat counted the dogs.",-0.25,,,
131,Adventure,White Fang,"""You'd better stick by the sled,"" his partner protested.",0.34,,,
132,Adventure,White Fang,"It was large for a wolf, its gaunt frame advertising the lines of an animal that was among the largest of its kind.",0.5267,,,
133,Adventure,White Fang,"I'll bushwhack her as sure as my name is Bill.""",0.3182,,,
134,Adventure,White Fang,"And there, out in the snow of their back track, was the she-wolf waiting for him.",0.0,,,
135,Adventure,White Fang,"Gun in hand, he plunged into the underbrush that lined the side of the trail.",0.2023,,,
136,Adventure,White Fang,"He fed the dogs, cooked and ate his supper, and made his bed close to the fire.",-0.34,,,
137,Adventure,White Fang,"But scarcely had the cheer of its light departed, than he went into camp.",0.6192,,,
138,Adventure,White Fang,He reached hastily for a brand to throw at her.,0.1027,,,
139,Adventure,White Fang,"But this time, before he dozed again, he tied a burning pine-knot to his right hand.",0.6486,,,
140,Adventure,White Fang,"Flinging his brands at the nearest of his enemies, the man thrust his smouldering mitte",-0.4939,,,
141,Adventure,Tarzan of the Apes,"If you are not located in the United States, you will have to check the laws of the country where you are located before using this eBook.",0.4215,,,
142,Adventure,Tarzan of the Apes,"Alice Rutherford for scarce a three months, and it was the thought of taking this fair young girl into the dangers and isolation of tropical Africa that appalled him.",-0.7411,,,
143,Adventure,Tarzan of the Apes,"Closer and closer they came, until one of them was directly behind the captain.",0.0,,,
144,Adventure,Tarzan of the Apes,"They did not see him again for several days, nor did the captain accord them more than the surliest of grunts when he was forced to speak to them.",-0.4588,,,
145,Adventure,Tarzan of the Apes,"The old fellow was polishing brasses, and as he came edging along until close to Clayton he said, in an undertone: ""'Ell's to pay, sir, on this 'ere craft, an' mark my word for it, sir.",-0.1027,,,
146,Adventure,Tarzan of the Apes,"You have no conception, dear, of what would follow were this pack of cutthroats to gain control of the Fuwalda .""",0.5859,,,
147,Adventure,Tarzan of the Apes,"I'm captain of this here ship, and from now on you keep your meddling nose out of my business.""",0.0,,,
148,Adventure,Tarzan of the Apes,"""Those are the very things I most wish they had left us,"" said Clayton, ""and the fact that they wished for them and them alone is most sinister.""",0.3086,,,
149,Adventure,Tarzan of the Apes,"""About all we can do is to sit tight and wait for whatever may come.""",0.0,,,
150,Adventure,Tarzan of the Apes,"Though outwardly calm and indifferent, Clayton was inwardly apprehensive and wrought up, for he feared for his wife's safety at the hands of these ignorant, half-brutes into whose hands fate had so remorselessly thrown them.",-0.7065,,,
151,Adventure,Tarzan of the Apes,"On the fifth day following the murder of the ship's officers, land was sighted by the lookout.",-0.6908,,,
152,Adventure,Tarzan of the Apes,Later in the evening Black Michael joined them long enough to instruct them to make their preparations for landing on the morrow.,0.0,,,
153,Adventure,Tarzan of the Apes,"The man shuddered as he meditated upon the awful gravity, the fearful helplessness, of their situation.",-0.8519,,,
154,Adventure,Tarzan of the Apes,"It were better that nature have her way in relieving these long-pent emotions, and it was many minutes before the girl--little more than a child she was--could again gain mastery of herself.",0.8316,,,
155,Adventure,Tarzan of the Apes,"This platform he paved with the huge fronds of elephant's ear which grew in profusion about them, and over the fronds he laid a great sail folded into several thicknesses.",0.7506,,,
156,Adventure,Tarzan of the Apes,Closer and closer it came until they could hear the great beast directly beneath them.,0.6249,,,
157,Adventure,Tarzan of the Apes,"The stuccoing and other final touches were added after they moved into the house, which they had done as soon as the roof was on, piling their boxes before the door at night and thus having a comparatively safe and comfortable habitation.",0.7351,,,
158,Adventure,Tarzan of the Apes,"But he knew he was facing a horrible death, and so did she.",-0.9022,,,
159,Adventure,Tarzan of the Apes,"For some time after regaining her senses, Alice gazed wonderingly about the interior of the little cabin, and then, with a satisfied sigh, said: ""O, John, it is so good to be really home!",0.7866,,,
160,Adventure,Tarzan of the Apes,"He had strengthened the window protections and fitted a unique wooden lock to the cabin door, so that when he hunted for game and fruits, as it was constantly necessary for him to do to insure sustenance, he had no fear that any anim",-0.3818,,,
161,Adventure,The Lost World,"If you are not located in the United States, you will have to check the laws of the country where you are located before using this eBook.",0.4215,,,
162,Adventure,The Lost World,"So far my thoughts had carried me, and I was about to break the long and uneasy silence, when two critical, dark eyes looked round at me, and the proud head was shaken in smiling reproof.",0.2263,,,
163,Adventure,The Lost World,It was my turn to jump out of my chair.,0.0,,,
164,Adventure,The Lost World,Look at that young Frenchman who went up last week in a balloon.,0.0,,,
165,Adventure,The Lost World,"And now I am glad--so glad--if it wakens these thoughts in you!""",0.0,,,
166,Adventure,The Lost World,"""Dear me, Mr. Malone, this is very--very exalted.",0.3818,,,
167,Adventure,The Lost World,"""I have a few notes for your guidance, Mr. Malone.",0.0,,,
168,Adventure,The Lost World,"But these recriminations, twice mentioned in his skeleton biography, could only mean that he was a fanatic in science.",0.0,,,
169,Adventure,The Lost World,"He had a fearful row about it in Vienna, I believe.""",-0.4939,,,
170,Adventure,The Lost World,"""DEAR PROFESSOR CHALLENGER,"" it said, ""As a humble student of Nature, I have always taken the most profound interest in your speculations as to the differences between Darwin and Weissmann.",0.7657,,,
171,Adventure,The Lost World,"You quote an isolated sentence from my lecture, and appear to have some difficulty in understanding it.",-0.5267,,,
172,Adventure,The Lost World,"I suppose it wasn't about South America you wanted to see him?""",0.0,,,
173,Adventure,The Lost World,He took my letter from his desk and laid it out before him.,0.0,,,
174,Adventure,The Lost World,"""I suppose you are aware,"" said he, checking off points upon his fingers, ""that the cranial index is a constant factor?""",0.0,,,
175,Adventure,The Lost World,"He resumed his unpleasant and stealthy advance, pointing his toes as he walked, like a dancing master.",-0.1779,,,
176,Adventure,The Lost World,"""It's not the first time, either,"" said the policeman, severely, shaking his head.",-0.5719,,,
177,Adventure,The Lost World,He took her down as if she had been a canary.,0.0,,,
178,Adventure,The Lost World,"For this reason I asked you to return with me, as I was minded to make your further acquaintance.",0.0,,,
179,Adventure,The Lost World,"The object of my journey was to verify some conclusions of Wallace and of Bates, which could only be done by observing their reported facts under the same conditions in which they had themselves noted them.",0.0,,,
180,Adventure,The Lost World,"Indeed, I can assure you that a first folio of Shakespeare could not be treated with greater reverenc",0.5994,,,
181,Adventure,Kim,"If you are not located in the United States, you will have to check the laws of the country where you are located before using this eBook.",0.4215,,,
182,Adventure,Kim,"That is how my father said they always did; and it is always so when men work magic.""",0.0,,,
183,Adventure,Kim,"Thy father was a pastry-cook--"" He stopped; for there shuffled round the corner, from the roaring Motee Bazar, such a man as Kim, who thought he knew all castes, had never seen.",-0.2263,,,
184,Adventure,Kim,"From the Hills where""--he sighed--""the air and water are fresh and cool.""",0.3182,,,
185,Adventure,Kim,Two butterfly-winged devas held a wreath over His head; above them another pair supported an umbrella surmounted by the jewelled headdress of the Bodhisat.,0.3182,,,
186,Adventure,Kim,"Here was the devout Asita, the pendant of Simeon in the Christian story, holding the Holy Child on his knee while mother and father listened; and here were incidents in the legend of the cousin Devadatta.",0.0,,,
187,Adventure,Kim,"""Your scholars, by these books, have followed the Blessed Feet in all their wanderings; but there are things which they have not sought out.",0.3506,,,
188,Adventure,Kim,There I shall meet one of the pure faith in a Jain temple of that city.,0.4215,,,
189,Adventure,Kim,"Learned doctors of a lamassery do not beg, but the lama was an enthusiast in this quest.",0.5023,,,
190,Adventure,Kim,"When didst thou steal the milkwoman's slippers, Dunnoo?""",-0.4939,,,
191,Adventure,Kim,"The huge, mouse-coloured Brahmini bull of the ward was shouldering his way through the many-coloured crowd, a stolen plantain hanging out of his mouth.",-0.2263,,,
192,Adventure,Kim,"But Kim had danced off ere the end of the sentence, dodging pariah dogs and hungry acquaintances.",-0.0387,,,
193,Adventure,Kim,"And when I was faint with hunger he begged for me, as would a chela for his teacher.",-0.25,,,
194,Adventure,Kim,"""I will teach thee other and better desires upon the road,"" the lama replied in the voice of authority.",0.4939,,,
195,Adventure,Kim,"He turned his head very slightly at the cry; and seeing only the tall silent figure, chuckled in his deep chest.",-0.1621,,,
196,Adventure,Kim,"""Oh, our tales will agree,"" said Kim, laughing.",0.4939,,,
197,Adventure,Kim,He will then say 'What proof hast thou?',0.0,,,
198,Adventure,Kim,"Therefore Mahbub had avoided halting at the insalubrious city of Peshawur, and had come through without stop to Lahore, where, knowing his country-people, he anticipated curious developments.",0.1994,,,
199,Adventure,Kim,About the same hour Kim heard soft feet in Mahbub's deserted stall.,-0.2023,,,
200,Adventure,Kim,"I abide here, following the Flower and drinking wine as an Afghan coper should.""",0.0,,,
201,Romance,Anne of Green Gables,"If you are not located in the United States, you will have to check the laws of the country where you are located before using this eBook.",0.4215,,,
202,Romance,Anne of Green Gables,"Matthew Cuthbert's father, as shy and silent as his son after him, had got as far away as he possibly could from his fellow men without actually retreating into the woods when he founded his homestead.",-0.25,,,
203,Romance,Anne of Green Gables,"""This is a real fine evening, isn't it?",0.2023,,,
204,Romance,Anne of Green Gables,So Matthew and I have talked it over off and on ever since.,0.0,,,
205,Romance,Anne of Green Gables,This Job's comforting seemed neither to offend nor to alarm Marilla.,0.6832,,,
206,Romance,Anne of Green Gables,"Well, I'm sorry for that poor young one and no mistake.",-0.7096,,,
207,Romance,Anne of Green Gables,"'There was more scope for imagination,' she said.",0.0,,,
208,Romance,Anne of Green Gables,"You could imagine you were dwelling in marble halls, couldn't you?",0.0258,,,
209,Romance,Anne of Green Gables,"With this Matthew's companion stopped talking, partly because she was out of breath and partly because they had reached the buggy.",-0.128,,,
210,Romance,Anne of Green Gables,"She said she hadn't time to get sick, watching to see that I didn't fall overboard.",-0.5106,,,
211,Romance,Anne of Green Gables,"He detested the way they had of sidling past him timidly, with sidewise glances, as if they expected him to gobble them up at a mouthful if they ventured to say a word.",-0.1779,,,
212,Romance,Anne of Green Gables,"""Well now, yes, there's one right below the house.""",0.5859,,,
213,Romance,Anne of Green Gables,But it doesn't make much real difference for it isn't likely I'll ever be either.,0.0,,,
214,Romance,Anne of Green Gables,"""Well now, I just can't recollect that I ever had.""",0.2732,,,
215,Romance,Anne of Green Gables,"There was a little gray house peering around a white apple orchard on a slope beyond and, although it was not yet quite dark, a light was shining from one of its windows.",0.0,,,
216,Romance,Anne of Green Gables,"That water looks as if it was smiling at me.""",0.4588,,,
217,Romance,Anne of Green Gables,With a sigh of rapture she relapsed into silence.,0.1779,,,
218,Romance,Anne of Green Gables,"Sitting down on a chair by the table, flinging her arms out upon it, and burying her face in them, she proceeded to cry stormily.",-0.4767,,,
219,Romance,Anne of Green Gables,"When you hear a name pronounced can't you always see it in your mind, just as if it was printed out?",0.0,,,
220,Romance,Anne of Green Gables,"""You're not eating anything,"" said Marilla sharply, eying her as if it were a serious shortcoming.",-0.0772,,,
221,Romance,The Age of Innocence,"If you are not located in the United States, you will have to check the laws of the country where you are located before using this eBook.",0.4215,,,
222,Romance,The Age of Innocence,"M'ama ... non m'ama ... "" the prima donna sang, and "" M'ama !",0.0,,,
223,Romance,The Age of Innocence,"thought Newland Archer, his glance flitting back to the young girl with the lilies-of-the-valley.",0.0,,,
224,Romance,The Age of Innocence,He had probably devoted more time than any one else to the study of this intricate and fascinating question; but study alone could not account for his complete and easy competence.,0.7027,,,
225,Romance,The Age of Innocence,"For a moment he silently scrutinised the attentive group out of his filmy blue eyes overhung by old veined lids; then he gave his moustache a thoughtful twist, and said simply: ""I didn't think the Mingotts would have tried it on.""",0.3818,,,
226,Romance,The Age of Innocence,"Every one (including Mr. Sillerton Jackson) was agreed that old Catherine had never had beauty--a gift which, in the eyes of New York, justified every success, and excused a certain number of failings.",0.6479,,,
227,Romance,The Age of Innocence,"continued the young enquirer, a candid Thorley, who was evidently preparing to enter the lists as the lady's champion.",0.5994,,,
228,Romance,The Age of Innocence,"""When the old lady does a thing she does it thoroughly.""",0.0,,,
229,Romance,The Age of Innocence,"He made no answer but that which his eyes returned, and she added, still more confidently smiling: ""Tell my cousin yourself: I give you leave.",0.8445,,,
230,Romance,The Age of Innocence,"Mrs. Archer, who was fond of coining her social philosophy into axioms, had once said: ""We all have our pet common people--"" and though the phrase was a daring one, its truth was secretly admitted in many an exclusive bosom.",0.8225,,,
231,Romance,The Age of Innocence,"Mrs. Beaufort, then, had as usual appeared in her box just before the Jewel Song; and when, again as usual, she rose at the end of the third act, drew her opera cloak about her lovely shoulders, and disappeared, New York knew that meant that half an hour later the ball would begin.",0.6597,,,
232,Romance,The Age of Innocence,"It was at his express wish that the announcement had been made, and yet it was not thus that he would have wished to have his happiness known.",0.743,,,
233,Romance,The Age of Innocence,"""You see I did as you asked me to,"" she said.",0.0,,,
234,Romance,The Age of Innocence,"She looked disappointed, but gently resolved on gaining her point.",0.8271,,,
235,Romance,The Age of Innocence,"""She knows as well as I do,"" he reflected, ""the real reason of her cousin's staying away; but I shall never let her see by the least sign that I am conscious of there being a shadow of a shade on poor Ellen Olenska's reputation.""",-0.5574,,,
236,Romance,The Age of Innocence,"That was how women with lovers lived in the wicked old societies, in apartments with all the rooms on one floor, and all the indecent propinquities that their novels described.",0.0,,,
237,Romance,The Age of Innocence,"But it's the hand that sets off the ring, isn't it, my dear Mr.",0.3662,,,
238,Romance,The Age of Innocence,"There was a cousinly murmur of pleasure between the ladies, and Mrs. Mingott held out Ferrigiani's model to the banker.",0.5719,,,
239,Romance,The Age of Innocence,"Well, we need new blood and new money--and I hear she's still very good-looking,"" the carnivorous old lady declared.",0.2732,,,
240,Romance,The Age of Innocence,"Her old friend Mr. Sillerton Jackson applied to the investigation of his friends' affairs the patience of a collector and the science of a naturalist; and his sister, Miss Sophy Jackson, who lived with him, and was entertained by all the people who could not secure her much-sought-after brother, brought home bits of minor gossip",0.6872,,,
241,Romance,The House of Mirth,"If you are not located in the United States, you will have to check the laws of the country where you are located before using this eBook.",0.4215,,,
242,Romance,The House of Mirth,"It isn't a bit hotter here than in Mrs. Van Osburgh's conservatory--and some of the women are not a bit uglier.""",0.0,,,
243,Romance,The House of Mirth,"He led her through the throng of returning holiday-makers, past sallow-faced girls in preposterous hats, and flat-chested women struggling with paper bundles and palm-leaf fans.",-0.4215,,,
244,Romance,The House of Mirth,"""I am glad my street meets with your approval,"" said Selden as they turned the corner.",0.4588,,,
245,Romance,The House of Mirth,"What a miserable thing it is to be a woman.""",-0.4939,,,
246,Romance,The House of Mirth,She smiled at him across the tea-pot which she was holding up to be filled.,0.5423,,,
247,Romance,The House of Mirth,"""Dear Mr. Selden, that wasn't worthy of you.",0.05,,,
248,Romance,The House of Mirth,"""I didn't mean to imply that you are as hard put to it as that.",-0.1027,,,
249,Romance,The House of Mirth,"I'm not really a collector, you see; I simply like to have good editions of the books I am fond of.""",0.8074,,,
250,Romance,The House of Mirth,"""No; but the being tied down: the routine--don't you ever want to get away, to see new places and people?""",-0.0857,,,
251,Romance,The House of Mirth,"""That's almost as bad as marrying Dillworth,"" he agreed, and they both laughed for pure pleasure in their sudden intimacy.",0.6786,,,
252,Romance,The House of Mirth,But WERE such apparitions unwonted on Selden's stairs?,0.0,,,
253,Romance,The House of Mirth,"""Oh, thanks,"" she stammered; and at that moment her eye caught a hansom drifting down Madison Avenue, and she hailed it with a desperate gesture.",-0.3182,,,
254,Romance,The House of Mirth,The worst of it was that she had always snubbed and ignored him.,-0.8555,,,
255,Romance,The House of Mirth,"She had known that Mr. Percy Gryce was to be at Bellomont, but she had not counted on the luck of having him to herself in the train; and the fact banished all perturbing thoughts of Mr. Rosedale.",0.6124,,,
256,Romance,The House of Mirth,"""The chair next to mine is empty--do take it,"" she said over her shoulder; and Mr. Gryce, with considerable embarrassment, succeeded in effecting an exchange which enabled him to transport himself and his bags to her side.",-0.0258,,,
257,Romance,The House of Mirth,"His eye became a degree less opaque: it was as though an incipient film had been removed from it, and she felt the pride of a skilful operator.",0.34,,,
258,Romance,The House of Mirth,Miss Bart had the gift of following an undercurrent of thought while she appeared to be sailing on the surface of conversation; and in this case her mental excursion took the form of a rapid survey of Mr. Percy Gryce's future as combined with her own.,0.3182,,,
259,Romance,The House of Mirth,"Her small pale face seemed the mere setting of a pair of dark exaggerated eyes, of which the visionary gaze contrasted curiously with her self-assertive tone and gestures; so that, as one of her friends observed, she was like a disembodied spirit who took up a great deal of room.",0.9246,,,
260,Romance,The House of Mirth,No; she was not made for mean and shabby surround,-0.296,,,
261,Romance,Howards End,"If you are not located in the United States, you will have to check the laws of the country where you are located before using this eBook.",0.4215,,,
262,Romance,Howards End,This long letter is because I'm writing before breakfast.,0.0,,,
263,Romance,Howards End,"The fun of it is that they think me a noodle, and say so--at least Mr. Wilcox does--and when that happens, and one doesn't mind, it's a pretty sure test, isn't it?",0.4537,,,
264,Romance,Howards End,"Those three sees once commanded the Rhine Valley and got it the name of Priest Street.""",0.0,,,
265,Romance,Howards End,"""And that reminds me--Helen's letter--"" ""Oh, yes, Aunt Juley, I am thinking all right about Helen's letter.",0.4019,,,
266,Romance,Howards End,You would say the wrong thing; to a certainty you would.,-0.2732,,,
267,Romance,Howards End,"The only thing that made life worth living was the thought of Walter Savage Landor, from whose Imaginary Conversations she had promised to read at frequent intervals during the day.",0.1027,,,
268,Romance,Howards End,"And he is a chilly Londoner who does not endow his stations with some personality, and extend to them, however shyly, the emotions of fear and love.",0.25,,,
269,Romance,Howards End,"It was interesting, and down at Swanage no one appreciated culture more than Mrs. Munt; but it was dangerous, and disaster was bound to come.",-0.8555,,,
270,Romance,Howards End,"""My niece is not with you by any chance?""",0.0,,,
271,Romance,Howards End,A bearded porter emerged with the parcel in one hand and an entry book in the other.,0.4939,,,
272,Romance,Howards End,"""I wonder when they'll learn wisdom and tar the roads,"" was his comment.",0.5267,,,
273,Romance,Howards End,"""Yes, they care for one another very much indeed,"" she said.",0.4939,,,
274,Romance,Howards End,"""If I were a man, Mr. Wilcox, for that last remark I'd box your ears.",0.0,,,
275,Romance,Howards End,"Still less did she pretend that nothing had happened, as a competent society hostess would have done.",0.2878,,,
276,Romance,Howards End,And all that she thought or did or breathed was a quiet preparation for Paul.,0.0,,,
277,Romance,Howards End,"In time his slender personality faded, the scene that he had evoked endured.",0.0,,,
278,Romance,Howards End,"At last Charles and his father started for the station, and then came your telegram warning me that Aunt Juley was coming by that train, and Paul--oh, rather horrible--said that I had muddled it.",-0.34,,,
279,Romance,Howards End,Their father had belonged to a type that was more prominent in Germany fifty years ago than now.,0.3804,,,
280,Romance,Howards End,"But which of them will rekindle the light within?""",0.0,,,
281,Romance,My Ántonia,"If you are not located in the United States, you will have to check the laws of the country where you are located before using this eBook.",0.4215,,,
282,Romance,My Ántonia,"She is handsome, energetic, executive, but to me she seems unimpressionable and temperamentally incapable of enthusiasm.",0.5423,,,
283,Romance,My Ántonia,"We might, in this way, get a picture of her.",0.0,,,
284,Romance,My Ántonia,"We went all the way in day-coaches, becoming more sticky and grimy with each stage of the journey.",-0.4703,,,
285,Romance,My Ántonia,"The woman wore a fringed shawl tied over her head, and she carried a little tin trunk in her arms, hugging it as if it were a baby.",0.4215,,,
286,Romance,My Ántonia,"Cautiously I slipped from under the buffalo hide, got up on my knees and peered over the side of the wagon.",-0.1779,,,
287,Romance,My Ántonia,'Down to the kitchen' struck me as curious; it was always 'out in the kitchen' at home.,0.0772,,,
288,Romance,My Ántonia,"We did not talk about the farm in Virginia, which had been her home for so many years.",0.0,,,
289,Romance,My Ántonia,"'He shall choose our inheritance for us, the excellency of Jacob whom He loved.",0.8126,,,
290,Romance,My Ántonia,"Grandmother called my attention to a stout hickory cane, tipped with copper, which hung by a leather thong from her belt.",0.1779,,,
291,Romance,My Ántonia,I turned back the papery triangular sheaths that protected the berries and ate a few.,0.4404,,,
292,Romance,My Ántonia,"Krajiek was their only interpreter, and could tell them anything he chose.",0.0,,,
293,Romance,My Ántonia,"Her face was alert and lively, with a sharp chin and shrewd little eyes.",0.6249,,,
294,Romance,My Ántonia,"He was tall and slender, and his thin shoulders stooped.",0.0,,,
295,Romance,My Ántonia,"She pointed up to the sky, then to my eyes, then back to the sky, with movements so quick and impulsive that she distracted me, and I had no idea what she wanted.",-0.5574,,,
296,Romance,My Ántonia,"The new country lay open before me: there were no fences in those days, and I could choose my own way over the grass uplands, trusting the pony to get me home again.",0.128,,,
297,Romance,My Ántonia,"The white Christmas melons we did not touch, but we watched them with curiosity.",0.0,,,
298,Romance,My Ántonia,"I had often been tempted to go to see them when I was riding in that direction, but one of them was a wild-looking fellow and I was a little afraid of him.",0.0,,,
299,Romance,My Ántonia,"One afternoon, before the heavy frosts began, we rode up there together on my pony.",0.0,,,
300,Romance,My Ántonia,He assured us that they were good for one--bette,0.6597,,,
301,Science Fiction,The Time Machine,"If you are not located in the United States, you will have to check the laws of the country where you are located before using this eBook.",0.4215,,,
302,Science Fiction,The Time Machine,It is only another way of looking at Time.,0.0,,,
303,Science Fiction,The Time Machine,"""Are you so sure we can move freely in Space?",0.7088,,,
304,Science Fiction,The Time Machine,"""That shall travel indifferently in any direction of Space and Time, as the driver determines.""",0.0,,,
305,Science Fiction,The Time Machine,"I sat in a low arm-chair nearest the fire, and I drew this forward so as to be almost between the Time Traveller and the fireplace.",-0.5423,,,
306,Science Fiction,The Time Machine,I am absolutely certain there was no trickery.,-0.228,,,
307,Science Fiction,The Time Machine,"""Of course,"" said the Psychologist, and reassured us.",0.4019,,,
308,Science Fiction,The Time Machine,For we should have perceived his motives: a pork-butcher could understand Filby.,0.0,,,
309,Science Fiction,The Time Machine,"cried the Medical Man, who saw him next.",-0.3818,,,
310,Science Fiction,The Time Machine,"For a minute, perhaps, my mind was wool-gathering.",0.0,,,
311,Science Fiction,The Time Machine,"""Yes,"" said the Time Traveller, with his mouth full, nodding his head.",0.0,,,
312,Science Fiction,The Time Machine,"In writing it down I feel with only too much keenness the inadequacy of pen and ink--and, above all, my own inadequacy--to express its quality.",-0.0772,,,
313,Science Fiction,The Time Machine,"Tomorrow night came black, then day again, night again, day again, faster and faster still.",0.0,,,
314,Science Fiction,The Time Machine,But presently a fresh series of impressions grew up in my mind--a certain curiosity and therewith a certain dread--until at last they took complete possession of me.,0.8625,,,
315,Science Fiction,The Time Machine,"""Presently I thought what a fool I was to get wet.",-0.4404,,,
316,Science Fiction,The Time Machine,"I felt as perhaps a bird may feel in the clear air, knowing the hawk wings above and will swoop.",0.3818,,,
317,Science Fiction,The Time Machine,"So I shook my head, and, pointing to my ears, shook it again.",-0.3369,,,
318,Science Fiction,The Time Machine,"It let loose the judgment I had suspended upon their clothes, their frail light limbs, and fragile features.",-0.6597,,,
319,Science Fiction,The Time Machine,"Some I recognised as a kind of hypertrophied raspberry and orange, but for the most part they were strange.",-0.296,,,
320,Science Fiction,The Time Machine,"They had to chatter and explain the business at great length to each other, and my first attempts to make the exquisite little sounds of their language caused an immense amount of genuine, if uncivil, amusement.",0.765,,,
321,Science Fiction,The war of the worlds,"If you are not located in the United States, you will have to check the laws of the country where you are located before using this eBook.",0.4215,,,
322,Science Fiction,The war of the worlds,The secular cooling that must someday overtake our planet has already gone far indeed with our neighbour.,0.0,,,
323,Science Fiction,The war of the worlds,"Peculiar markings, as yet unexplained, were seen near the site of that outbreak during the next two oppositions.",0.1531,,,
324,Science Fiction,The war of the worlds,"And invisible to me because it was so remote and small, flying swiftly and steadily towards me across that incredible distance, drawing nearer every minute by so many thousands of miles, came the Thing they were sending us, the Thing that was to bring so much struggle and calamity and death to the earth.",-0.6461,,,
325,Science Fiction,The war of the worlds,"And, all unsuspected, those missiles the Martians had fired at us drew earthward, rushing now at a pace of many miles a second through the empty gulf of space, hour by hour and day by day, nearer and nearer.",-0.6597,,,
326,Science Fiction,The war of the worlds,Some of those who saw its flight say it travelled with a hissing sound.,0.0,,,
327,Science Fiction,The war of the worlds,"For a minute he scarcely realised what this meant, and, although the heat was excessive, he clambered down into the pit close to the bulk to see the Thing more clearly.",0.4576,,,
328,Science Fiction,The war of the worlds,Henderson was a minute or so taking it in.,0.0,,,
329,Science Fiction,The war of the worlds,"There were four or five boys sitting on the edge of the Pit, with their feet dangling, and amusing themselves--until I stopped them--by throwing stones at the giant mass.",0.1779,,,
330,Science Fiction,The war of the worlds,In the afternoon the appearance of the common had altered very much.,0.0,,,
331,Science Fiction,The war of the worlds,When I returned to the common the sun was setting.,0.0,,,
332,Science Fiction,The war of the worlds,There was a loud shriek from a woman behind.,0.0,,,
333,Science Fiction,The war of the worlds,"The common round the sand-pits was dotted with people, standing like myself in a half-fascinated terror, staring at these creatures, or rather at the heaped gravel at the edge of the pit in which they lay.",-0.34,,,
334,Science Fiction,The war of the worlds,"We became silent, and stood watching for a time side by side, deriving, I fancy, a certain comfort in one another's company.",0.5574,,,
335,Science Fiction,The war of the worlds,At the same time a faint hissing sound became audible.,0.0,,,
336,Science Fiction,The war of the worlds,"All this had happened with such swiftness that I had stood motionless, dumbfounded and dazzled by the flashes of light.",-0.3818,,,
337,Science Fiction,The war of the worlds,"This intense heat they project in a parallel beam against any object they choose, by means of a polished parabolic mirror of unknown composition, much as the parabolic mirror of a lighthouse projects a beam of light.",0.0772,,,
338,Science Fiction,The war of the worlds,"Had the elevation of the parabolic mirror been a few yards higher, none could have lived to tell the tale.",0.0,,,
339,Science Fiction,The war of the worlds,"Now it was as if something turned over, and the point of view altered abruptly.",0.0,,,
340,Science Fiction,The war of the worlds,There were two men and a woman at the gate.,0.0,,,
341,Science Fiction,The First Men in the Moon,"If you are not located in the United States, you will have to check the laws of the country where you are located before using this eBook.",0.4215,,,
342,Science Fiction,The First Men in the Moon,"It seemed to me, at last, that there was nothing for it but to write a play, unless I wanted to drudge for my living as a clerk.",0.4767,,,
343,Science Fiction,The First Men in the Moon,"It was the big port of England in Roman times, Portus Lemanis, and now the sea is four miles away.",0.0,,,
344,Science Fiction,The First Men in the Moon,"But when next evening the apparition was repeated with remarkable precision, and again the next evening, and indeed every evening when rain was not falling, concentration upon the scenario became a considerable effort.",0.7626,,,
345,Science Fiction,The First Men in the Moon,"Well, sir, I can assure you that not only do I not know why I do these things, but I did not even know I did them.",0.3071,,,
346,Science Fiction,The First Men in the Moon,"He made indifferent conversation in the most formal way, then abruptly he came to business.",-0.2023,,,
347,Science Fiction,The First Men in the Moon,But through it all there was the undertone of satisfaction one feels when one is neglecting work one has set oneself.,0.0772,,,
348,Science Fiction,The First Men in the Moon,Unfortunately that's over--you can't get things back as they were.,-0.34,,,
349,Science Fiction,The First Men in the Moon,At the earliest opportunity I went to see his house.,0.4215,,,
350,Science Fiction,The First Men in the Moon,"Now all known substances are ""transparent"" to gravitation.",0.0,,,
351,Science Fiction,The First Men in the Moon,"I saw a parent company, and daughter companies, applications to right of us, applications to left, rings and trusts, privileges, and concessions spreading and spreading, until one vast, stupendous Cavorite company ran and ruled the world.",0.6908,,,
352,Science Fiction,The First Men in the Moon,A look of perplexity came into his ruddy little face.,0.0,,,
353,Science Fiction,The First Men in the Moon,"The First Making of Cavorite But Cavor's fears were groundless, so far as the actual making was concerned.",-0.5719,,,
354,Science Fiction,The First Men in the Moon,"A large fragment of fencing came sailing past me, dropped edgeways, hit the ground and fell flat, and then the worst was over.",-0.6249,,,
355,Science Fiction,The First Men in the Moon,"I repeated my suggestion of getting back to my bungalow, and this time he understood.",0.0,,,
356,Science Fiction,The First Men in the Moon,The air all about the Cavorite crushed in upon the air above it with irresistible force.,-0.1027,,,
357,Science Fiction,The First Men in the Moon,My three assistants may or may not have perished.,0.0,,,
358,Science Fiction,The First Men in the Moon,"For my own part it seems to me we might make it edgeways, perhaps, and very thin.",0.0,,,
359,Science Fiction,The First Men in the Moon,An air-tight manhole is all that is needed.,0.0,,,
360,Science Fiction,The First Men in the Moon,"""They're out of the question, because of the air difficulty.""",0.0,,,
361,Science Fiction,Herland,"If you are not located in the United States, you will have to check the laws of the country where you are located before using this eBook.",0.4215,,,
362,Science Fiction,Herland,"They needed a doctor, and that gave Jeff an excuse for dropping his just opening practice; they needed Terry's experience, his machine, and his money; and as for me, I got in through Terry's influence.",0.0772,,,
363,Science Fiction,Herland,Terry was close by and interested in the fellow's pointing.,0.4019,,,
364,Science Fiction,Herland,Terry got out his magnifying glass and squatted down to investigate.,0.0,,,
365,Science Fiction,Herland,"""Somewhere up yonder they spin and weave and dye--as well as we do.""",0.2732,,,
366,Science Fiction,Herland,Both Jeff and I were sure about that.,0.3182,,,
367,Science Fiction,Herland,"""Oh, the men take them away as soon as they are five or six, you see.""",0.0,,,
368,Science Fiction,Herland,"And there'd be two of us and only one of you--eh, Van?""",0.0,,,
369,Science Fiction,Herland,"Up and up and up we sailed, way up at first, to get ""the lay of the land"" and make note of it.",0.0,,,
370,Science Fiction,Herland,"I confess that we paid small attention to the clean, well-built roads, to the attractive architecture, to the ordered beauty of the little town.",0.8555,,,
371,Science Fiction,Herland,"""I never saw a forest so petted, even in Germany.",0.0,,,
372,Science Fiction,Herland,"If we pursued further, the boughs would break under the double burden.",-0.4404,,,
373,Science Fiction,Herland,"He stood braced in the fork, held firmly by one hand--the other, swinging his bright temptation, reached far out along the bough, but not quite to his full stretch.",0.2846,,,
374,Science Fiction,Herland,"The broad green fields and closely cultivated gardens sloped away at our feet, a long easy slant, with good roads winding pleasantly here and there, and narrower paths besides.",0.836,,,
375,Science Fiction,Herland,"I have often groaned at home to see the offensive mess man made in the face of nature, even though I'm no art sharp, like Jeff.",-0.6369,,,
376,Science Fiction,Herland,"He examined the close ranks about us, reaching back far on every side, and murmured softly to me, ""Every one of 'em over forty as I'm a sinner.""",0.2023,,,
377,Science Fiction,Herland,"""We mustn't let them get us in this, boys.",0.0,,,
378,Science Fiction,Herland,"""We may never get out, if we do,"" I told them.",0.0,,,
379,Science Fiction,Herland,"There was some talk, not much, among them, and then suddenly there fell upon each of us at once a firm hand holding a wetted cloth before mouth and nose--an order of swimming sweetness--anesthesia.",0.4939,,,
380,Science Fiction,Herland,"Then we made a search of the big room again and found a large airy closet, holding plenty of clothing, but not ours.",0.0,,,
381,Science Fiction,The Invisible Man A Grotesque,"If you are not located in the United States, you will have to check the laws of the country where you are located before using this eBook.",0.4215,,,
382,Science Fiction,The Invisible Man A Grotesque,"""I prefer to keep them on,"" he said with emphasis, and she noticed that he wore big blue spectacles with sidelights, and had a bush side-whisker over his coat-collar that completely hid his cheeks and face.",-0.1761,,,
383,Science Fiction,The Invisible Man A Grotesque,But it was not that which startled Mrs. Hall.,0.1967,,,
384,Science Fiction,The Invisible Man A Grotesque,"""The poor soul's had an accident or an op'ration or somethin',"" said Mrs. Hall.",-0.7351,,,
385,Science Fiction,The Invisible Man A Grotesque,"""But they take long enough to get well, don't they?",0.3919,,,
386,Science Fiction,The Invisible Man A Grotesque,"Mrs. Hall,"" said he, ""but this is terrible weather for thin boots!""",-0.6643,,,
387,Science Fiction,The Invisible Man A Grotesque,"""But I'm really glad to have the clock seen to,"" he said, seeing a certain hesitation in Mr. Henfrey's manner.",0.664,,,
388,Science Fiction,The Invisible Man A Grotesque,"Being constitutionally of a curious nature, he had removed the works--a quite unnecessary proceeding--with the idea of delaying his departure and perhaps falling into conversation with the stranger.",0.1779,,,
389,Science Fiction,The Invisible Man A Grotesque,"said Hall, who was a man of sluggish apprehension.",-0.7003,,,
390,Science Fiction,The Invisible Man A Grotesque,"No sooner had Fearenside's dog caught sight of him, however, than it began to bristle and growl savagely, and when he rushed down the steps it gave an undecided hop, and then sprang straight at his hand.",-0.296,,,
391,Science Fiction,The Invisible Man A Grotesque,"""We'd better be a-takin' of his luggage in.""",0.4404,,,
392,Science Fiction,The Invisible Man A Grotesque,"If the straw makes trouble put it down in the bill.""",-0.4019,,,
393,Science Fiction,The Invisible Man A Grotesque,"Why, his nose is as pink as paint!""",0.0,,,
394,Science Fiction,The Invisible Man A Grotesque,"When questioned, she explained very carefully that he was an ""experimental investigator,"" going gingerly over the syllables as one who dreads pitfalls.",-0.2516,,,
395,Science Fiction,The Invisible Man A Grotesque,"Cuss, the general practitioner, was devoured by curiosity.",0.0,,,
396,Science Fiction,The Invisible Man A Grotesque,"""Went in,"" he gasped, ""and began to demand a subscription for that Nurse Fund.",-0.128,,,
397,Science Fiction,The Invisible Man A Grotesque,"Stared at me with those black goggles of his, and then at his sleeve.""",0.0,,,
398,Science Fiction,The Invisible Man A Grotesque,"She did not arouse her husband at first, but sat up in bed listening.",0.0,,,
399,Science Fiction,The Invisible Man A Grotesque,"Then Mrs. Bunting turned back the window-curtains, and Mr. Bunting looked up the chimney and probed it with the poker.",0.0,,,
400,Science Fiction,The Invisible Man A Grotesque,"But returning with the bottle, he noticed that the bolts of the fro",0.0,,,
401,Children's Fiction,Peter Pan,"If you are not located in the United States, you will have to check the laws of the country where you are located before using this eBook.",0.4215,,,
402,Children's Fiction,Peter Pan,"3, forgotten the white violets at the Cistercian abbey in which we cassocked our first fairies (all little friends of St. Benedict), or your cry to the Gods, 'Do I just kill one pirate all the time?'",-0.7841,,,
403,Children's Fiction,Peter Pan,"It was called Ibsen's Ghost , and was a parody of the mightiest craftsman that ever wrote for our kind friends in front.",0.6369,,,
404,Children's Fiction,Peter Pan,"Again, a large number of children whom I have seen playing Peter in their homes with careless mastership, constantly putting in better words, could have thrown it off with ease.",0.6124,,,
405,Children's Fiction,Peter Pan,"I see a change coming over him; he is blanching as he reads in the high-class magazine, Chatterbox , a fulmination against such literature, and sees that unless his greed for islands is quenched he is for ever lost.",-0.6124,,,
406,Children's Fiction,Peter Pan,"The idlers in court may have assumed that it is a handwritten screed, and are impressed by its bulk.",0.4767,,,
407,Children's Fiction,Peter Pan,"Listen again to our stolen saw-mill, man's proudest invention; when he made the saw-mill he beat the birds for music in a wood.",0.1027,,,
408,Children's Fiction,Peter Pan,"I know what that means and so do you, but we are not going to give away all our secrets.)",0.0,,,
409,Children's Fiction,Peter Pan,"How anxious he was to show that he understood the game, and more generous than you, he never pretended that he was the one who killed Captain Swarthy.",-0.4417,,,
410,Children's Fiction,Peter Pan,"It must not be thought, however, that there were any other sentimental passages between No.",0.0258,,,
411,Children's Fiction,Peter Pan,"Anything he shook his head over I abandoned, and conceivably the world has thus been deprived of masterpieces.",-0.4588,,,
412,Children's Fiction,Peter Pan,As the boat drew near the Kyle of Lochalsh pier I told Nos.,0.0,,,
413,Children's Fiction,Peter Pan,"As for ourselves, we have not been in it since we went back to reclaim our old Thesaurus.",0.0,,,
414,Children's Fiction,Peter Pan,"Darling, but like all treasures she was born to it.",0.8537,,,
415,Children's Fiction,Peter Pan,As she enters the room she is startled to see a strange little face outside the window and a hand groping as if it wanted to come in. ),0.1779,,,
416,Children's Fiction,Peter Pan,"He is really a good man as bread-winners go, and it is hard luck for him to be propelled into the room now, when if we had brought him in a few minutes earlier or later he might have made a fairer impression.",0.7713,,,
417,Children's Fiction,Peter Pan,"Mother, how did you get to know me?",0.0,,,
418,Children's Fiction,Peter Pan,Just then Nana came back and she at once sprang at him.,0.0,,,
419,Children's Fiction,Peter Pan,( This intimate scene is broken by the return of NANA with a bottle in her mouth .),-0.4767,,,
420,Children's Fiction,Peter Pan,"Michael, now you will see how father takes it.",0.0,,,
421,Children's Fiction,The Secret Garden,"If you are not located in the United States, you will have to check the laws of the country where you are located before using this eBook.",0.4215,,,
422,Children's Fiction,The Secret Garden,"she said, because to call a native a pig is the worst insult of all.",-0.8126,,,
423,Children's Fiction,The Secret Garden,"There was panic on every side, and dying people in all the bungalows.",-0.5106,,,
424,Children's Fiction,The Secret Garden,"But if every one had got well again, surely some one would remember and come to look for her.",0.7579,,,
425,Children's Fiction,The Secret Garden,That was why the place was so quiet.,0.0,,,
426,Children's Fiction,The Secret Garden,"""I am glad of it, too,"" answered Mary.",0.4588,,,
427,Children's Fiction,The Secret Garden,"She was a stout woman, with very red cheeks and sharp black eyes.",0.1779,,,
428,Children's Fiction,The Secret Garden,"She was the kind of woman who would ""stand no nonsense from young ones.""",-0.5994,,,
429,Children's Fiction,The Secret Garden,"""Not but that it's a grand big place in a gloomy way, and Mr. Craven's proud of it in his way--and that's gloomy enough, too.",0.7469,,,
430,Children's Fiction,The Secret Garden,"She had just remembered a French fairy story she had once read called ""Riquet à la Houppe.""",0.0,,,
431,Children's Fiction,The Secret Garden,"We're at Thwaite Station and we've got a long drive before us.""",0.0,,,
432,Children's Fiction,The Secret Garden,"At last the horses began to go more slowly, as if they were climbing up-hill, and presently there seemed to be no more hedges and no more trees.",-0.5267,,,
433,Children's Fiction,The Secret Garden,"At first Mary thought that there were no lights at all in the windows, but as she got out of the carriage she saw that one room in a corner up-stairs showed a dull glow.",-0.631,,,
434,Children's Fiction,The Secret Garden,"""Tha' thinks it's too big an' bare now.",0.0,,,
435,Children's Fiction,The Secret Garden,Mrs. Medlock gave me th' place out o' kindness.,0.4588,,,
436,Children's Fiction,The Secret Garden,They are not people--they're servants who must salaam to you.,0.0,,,
437,Children's Fiction,The Secret Garden,she said when Mary quietly held out her foot.,0.0,,,
438,Children's Fiction,The Secret Garden,"""I can't abide to see good victuals go to waste.",0.0258,,,
439,Children's Fiction,The Secret Garden,"He's got sheep on th' moor that knows him, an' birds as comes an' eats out of his hand.",0.4939,,,
440,Children's Fiction,The Secret Garden,"She went toward the wall and found that there was a green door in the ivy, and that it stood open.",0.0,,,
441,Children's Fiction,Pollyanna,"If you are not located in the United States, you will have to check the laws of the country where you are located before using this eBook.",0.4215,,,
442,Children's Fiction,Pollyanna,"I am a good woman, I hope; and I know my duty.""",0.7003,,,
443,Children's Fiction,Pollyanna,"Jennie had preferred these--quite naturally, perhaps; so she had married the minister, and had gone south with him as a home missionary's wife.",0.0,,,
444,Children's Fiction,Pollyanna,"I hope she did hear the bang,--I do, I do!""",0.4926,,,
445,Children's Fiction,Pollyanna,"""As if ever anybody could be fond of her!""",0.4926,,,
446,Children's Fiction,Pollyanna,"There were no drapery curtains at the dormer windows, no pictures on the wall.",-0.5267,,,
447,Children's Fiction,Pollyanna,"Short as had been Nancy's stay at the house, the two were already good friends.",0.7184,,,
448,Children's Fiction,Pollyanna,"And--there, here 'tis,"" she finished, producing the check after much fumbling in the bag she carried.",0.0,,,
449,Children's Fiction,Pollyanna,"We--we ain't a bit alike we ain't, we ain't!""",0.0,,,
450,Children's Fiction,Pollyanna,"""Well, in almost every room,"" answered Nancy, frowning suddenly at the thought of that bare little attic room where there was no carpet.",-0.5574,,,
451,Children's Fiction,Pollyanna,"""Very likely--though I've not had the pleasure of the Ladies' Aid's acquaintance,"" rejoined Miss Polly, stiffly, trying to unclasp the small, clinging fingers, and turning frowning eyes on Nancy in the doorway.",-0.7182,,,
452,Children's Fiction,Pollyanna,Beneath her feet a marvellous carpet was like green moss to the tread.,0.3612,,,
453,Children's Fiction,Pollyanna,"""I will send Nancy up to help you unpack.",0.4019,,,
454,Children's Fiction,Pollyanna,"Pollyanna, standing at the bureau, gazed a little wistfully at the bare wall above.",0.0,,,
455,Children's Fiction,Pollyanna,"""I believe I can do it,"" she chuckled.",0.296,,,
456,Children's Fiction,Pollyanna,She may as well begin at once to learn to be punctual.,0.2732,,,
457,Children's Fiction,Pollyanna,"Well, I'll tell her, then, so you can find out,"" promised the little girl, cheerfully.",0.7522,,,
458,Children's Fiction,Pollyanna,"""But I couldn't see it, either, Nancy, at first,"" she added, with quick honesty.",0.6486,,,
459,Children's Fiction,Pollyanna,"""But I was real glad you did it, Aunt Polly.",0.6124,,,
460,Children's Fiction,Pollyanna,"Through the hall, down the next flight, then bang through the front screened-door and around t",0.0,,,
461,Children's Fiction,Daddy-Long-Legs,"If you are not located in the United States, you will have to check the laws of the country where you are located before using this eBook.",0.4215,,,
462,Children's Fiction,Daddy-Long-Legs,"Mrs. Lippett in the office, And I think she's mad.",-0.4939,,,
463,Children's Fiction,Daddy-Long-Legs,'This gentleman has taken an interest in several of our boys.,0.4588,,,
464,Children's Fiction,Daddy-Long-Legs,"He believes that you have originality, and he is planning to educate you to become a writer.'",0.0,,,
465,Children's Fiction,Daddy-Long-Legs,'I trust that you are properly grateful for this very rare good fortune that has befallen you?,0.8583,,,
466,Children's Fiction,Daddy-Long-Legs,I suppose I might call you Dear Mr. Girl-Hater.,0.3818,,,
467,Children's Fiction,Daddy-Long-Legs,This is the first chance I've ever had to get acquainted with Jerusha Abbott.,0.25,,,
468,Children's Fiction,Daddy-Long-Legs,The windows are up high; you can't look out from an ordinary seat.,0.0,,,
469,Children's Fiction,Daddy-Long-Legs,I wish Mrs. Lippett would use a little more ingenuity about choosing babies' names.,0.4019,,,
470,Children's Fiction,Daddy-Long-Legs,I could FEEL 'John Grier Home' written on my face.,0.0,,,
471,Children's Fiction,Daddy-Long-Legs,But I've been so excited about all these new adventures that I MUST talk to somebody; and you're the only one I know.,0.806,,,
472,Children's Fiction,Daddy-Long-Legs,A cohort of light armed Numidians engaged the infantry of Quintus Fabius Maximus.,0.4019,,,
473,Children's Fiction,Daddy-Long-Legs,"Just now, they're Tennyson's poems and Vanity Fair and Kipling's Plain Tales and--don't laugh--Little Women.",0.1027,,,
474,Children's Fiction,Daddy-Long-Legs,"(I don't much like to confess this last item, but I will.)",-0.1419,,,
475,Children's Fiction,Daddy-Long-Legs,It's awfully hard for me not to tell everything I know.,-0.1761,,,
476,Children's Fiction,Daddy-Long-Legs,She wanted to know what my mother's maiden name was--did you ever hear such an impertinent question to ask of a person from a foundling asylum?,0.0,,,
477,Children's Fiction,Daddy-Long-Legs,He used to saunter out and casually kill a man before breakfast.,-0.6124,,,
478,Children's Fiction,Daddy-Long-Legs,I don't know a single thing about you.,0.0,,,
479,Children's Fiction,Daddy-Long-Legs,"It went off--I was told--with quite a pop, so probably he was a fatter Trustee.",0.25,,,
480,Children's Fiction,Daddy-Long-Legs,I'd rather find a tiger under the bed.,0.0,,,
481,Children's Fiction,The Wind in the Willows,"If you are not located in the United States, you will have to check the laws of the country where you are located before using this eBook.",0.4215,,,
482,Children's Fiction,The Wind in the Willows,"And instead of having an uneasy conscience pricking him and whispering ""whitewash!""",-0.5848,,,
483,Children's Fiction,The Wind in the Willows,"cried the Rat, open-mouthed: ""Never been in a--you never--well I--what have you been doing, then?""",-0.3818,,,
484,Children's Fiction,The Wind in the Willows,"""I like your clothes awfully, old chap,"" he remarked after some half an hour or so had passed.",0.3612,,,
485,Children's Fiction,The Wind in the Willows,"""Aren't they--aren't they very nice people in there?""",-0.3713,,,
486,Children's Fiction,The Wind in the Willows,"said the Rat, and chirruped cheerily in an inviting sort of way.",0.7003,,,
487,Children's Fiction,The Wind in the Willows,"""Such a good fellow, too,"" remarked the Otter reflectively: ""But no stability--especially in a boat!""",-0.2828,,,
488,Children's Fiction,The Wind in the Willows,The Rat shook his head with a smile.,0.2732,,,
489,Children's Fiction,The Wind in the Willows,"So the dismal Mole, wet without and ashamed within, trotted about till he was fairly dry, while the Rat plunged into the water again, recovered the boat, righted her and made her fast, fetched his floating property to shore by degrees, and finally dived successfully for the luncheon-basket and struggled to land with it.",-0.2321,,,
490,Children's Fiction,The Wind in the Willows,"He learnt to swim and to row, and entered into the joy of running water; and with his ear to the reed-stems he caught, at intervals, something of what the wind went whispering so constantly among them.",0.5859,,,
491,Children's Fiction,The Wind in the Willows,"""But what I wanted to ask you was, won't you take me to call on Mr. Toad?",0.0,,,
492,Children's Fiction,The Wind in the Willows,"He's tired of it, and done with it.",-0.4404,,,
493,Children's Fiction,The Wind in the Willows,"I propose to devote the remainder of mine to it, and can only regret the wasted years that lie behind me, squandered in trivialities.",-0.6808,,,
494,Children's Fiction,The Wind in the Willows,"I'm going to make an animal of you, my boy!""",0.0,,,
495,Children's Fiction,The Wind in the Willows,"At last the horse was caught and harnessed, and they set off, all talking at once, each animal either trudging by the side of the cart or sitting on the shaft, as the humour took him.",0.4767,,,
496,Children's Fiction,The Wind in the Willows,"--and thinking all the time of something very different, when far behind them they heard a faint warning hum; like the drone of a distant bee.",0.0258,,,
497,Children's Fiction,The Wind in the Willows,went on the Toad in a dreamy monotone.,0.0,,,
498,Children's Fiction,The Wind in the Willows,"They had not proceeded very far on their way, however, when there was a pattering of feet behind them, and Toad caught them up and thrust a paw inside the elbow of each of them; still breathing short and staring into vacancy.",0.0,,,
499,Children's Fiction,The Wind in the Willows,"The following evening the Mole, who had risen late and taken things very easy all day, was sitting on the bank fishing, when the Rat, who had been looking up his friends and gossiping, came strolling along to find him.",0.5709,,,
500,Children's Fiction,The Wind in the Willows,"It's a long way, and he wouldn't be at home",0.0,,,
501,Mystery/Crime,The Adventures of Sherlock Hol,"If you are not located in the United States, you will have to check the laws of the country where you are located before using this eBook.",0.4215,,,
502,Mystery/Crime,The Adventures of Sherlock Hol,"To me, who knew his every mood and habit, his attitude and manner told their own story.",0.0,,,
503,Mystery/Crime,The Adventures of Sherlock Hol,"""Quite so,"" he answered, lighting a cigarette, and throwing himself down into an armchair.",0.0,,,
504,Mystery/Crime,The Adventures of Sherlock Hol,He took down a heavy brown volume from his shelves.,0.0,,,
505,Mystery/Crime,The Adventures of Sherlock Hol,Then there was a loud and authoritative tap.,0.0,,,
506,Mystery/Crime,The Adventures of Sherlock Hol,"To speak plainly, the matter implicates the great House of Ormstein, hereditary kings of Bohemia.""",0.6369,,,
507,Mystery/Crime,The Adventures of Sherlock Hol,Twice burglars in my pay ransacked her house.,-0.1027,,,
508,Mystery/Crime,The Adventures of Sherlock Hol,"""There are three hundred pounds in gold and seven hundred in notes,"" he said.",0.0,,,
509,Mystery/Crime,The Adventures of Sherlock Hol,There is a wonderful sympathy and freemasonry among horsey men.,0.7579,,,
510,Mystery/Crime,The Adventures of Sherlock Hol,"On the issue of this question depended whether I should continue my work at Briony Lodge, or turn my attention to the gentleman's chambers in the Temple.",0.0,,,
511,Mystery/Crime,The Adventures of Sherlock Hol,"There was not a soul there save the two whom I had followed and a surpliced clergyman, who seemed to be expostulating with them.",-0.3875,,,
512,Mystery/Crime,The Adventures of Sherlock Hol,"Now,"" he said as he turned hungrily on the simple fare that our landlady had provided, ""I must discuss it while I eat, for I have not much time.",0.0,,,
513,Mystery/Crime,The Adventures of Sherlock Hol,"His expression, his manner, his very soul seemed to vary with every fresh part that he assumed.",0.3182,,,
514,Mystery/Crime,The Adventures of Sherlock Hol,As he spoke the gleam of the sidelights of a carriage came round the curve of the avenue.,0.0,,,
515,Mystery/Crime,The Adventures of Sherlock Hol,"The word was no sooner out of my mouth than the whole crowd of spectators, well dressed and ill--gentlemen, ostlers, and servant maids--joined in a general shriek of ""Fire!""",-0.1007,,,
516,Mystery/Crime,The Adventures of Sherlock Hol,"She was there in an instant, and I caught a glimpse of it as she half drew it out.",0.0,,,
517,Mystery/Crime,The Adventures of Sherlock Hol,I wish she had been of my own station!,0.4574,,,
518,Mystery/Crime,The Adventures of Sherlock Hol,"But, you know, I have been trained as an actress myself.",0.0,,,
519,Mystery/Crime,The Adventures of Sherlock Hol,"This ring--"" He slipped an emerald snake ring from his finger and held it out upon the palm of his hand.",0.4939,,,
520,Mystery/Crime,The Adventures of Sherlock Hol,"You have heard me remark that the strangest and most unique things are very often connected not with the larger but with the smaller crimes, and occasionally, indeed, where there is room for doubt whether any positive crime has been committed.",-0.1154,,,
521,Mystery/Crime,The Moonstone,"If you are not located in the United States, you will have to check the laws of the country where you are located before using this eBook.",0.4215,,,
522,Mystery/Crime,The Moonstone,"The deity commanded that the Moonstone should be watched, from that time forth, by three priests in turn, night and day, to the end of the generations of men.",0.0,,,
523,Mystery/Crime,The Moonstone,Let me now take you on to the day of the assault.,-0.5859,,,
524,Mystery/Crime,The Moonstone,"The dying Indian sank to his knees, pointed to the dagger in Herncastle's hand, and said, in his native language--""The Moonstone will have its vengeance yet on you and yours!""",0.5411,,,
525,Mystery/Crime,The Moonstone,"He has been taunted more than once about the Diamond, by those who recollect his angry outbreak before the assault; but, as may easily be imagined, his own remembrance of the circumstances under which I surprised him in the armoury has been enough to keep him silent.",0.3818,,,
526,Mystery/Crime,The Moonstone,"But I failed to see what I myself had to do with it, so far.",-0.6652,,,
527,Mystery/Crime,The Moonstone,"You are not to take it, if you please, as the saying of an ignorant man, when I express my opinion that such a book as Robinson Crusoe never was written, and never will be written again.",0.0516,,,
528,Mystery/Crime,The Moonstone,That was his way with her--and that was how I went into his service.,0.0,,,
529,Mystery/Crime,The Moonstone,"Selina, being my wife, couldn't charge for her board, and would have to give me her services for nothing.",0.0,,,
530,Mystery/Crime,The Moonstone,"How it was I don't understand, but we always seemed to be getting, with the best of motives, in one another's way.",0.7783,,,
531,Mystery/Crime,The Moonstone,"Take myself tomorrow while in tomorrow's humour, and the thing was done.",0.4767,,,
532,Mystery/Crime,The Moonstone,"When I inquire what this means, Penelope says, ""Fiddlesticks!""",0.0,,,
533,Mystery/Crime,The Moonstone,Our nice boy didn't forget us after he went abroad.,0.5371,,,
534,Mystery/Crime,The Moonstone,"Going round to the terrace, I found three mahogany-coloured Indians, in white linen frocks and trousers, looking up at the house.",0.0,,,
535,Mystery/Crime,The Moonstone,"They first looked up the road, and down the road, and made sure that they were alone.",0.0772,,,
536,Mystery/Crime,The Moonstone,"The boy said, ""It is on the road to this house, and on no other, that the English gentleman will travel today.""",-0.296,,,
537,Mystery/Crime,The Moonstone,"""We'll ask Mr. Franklin, my dear,"" I said, ""if you can wait till Mr. Franklin comes.""",0.0,,,
538,Mystery/Crime,The Moonstone,"She is a nice plump young lass, and it is customary with me to adopt that manner of showing that I personally approve of a girl.",0.5423,,,
539,Mystery/Crime,The Moonstone,"My lady (being a Christian woman, if ever there was one yet) said to the matron, upon that, ""Rosanna Spearman shall have her chance, in my service.""",0.25,,,
540,Mystery/Crime,The Moonstone,"Having now told the story of Rosanna, I have only to notice one of the many queer ways of this strange girl to get on next to the story of the sands.",-0.25,,,
541,Mystery/Crime,The Hound of the Baskervilles,"If you are not located in the United States, you will have to check the laws of the country where you are located before using this eBook.",0.4215,,,
542,Mystery/Crime,The Hound of the Baskervilles,"""And then again, there is the 'friends of the C.C.H.'",0.4767,,,
543,Mystery/Crime,The Hound of the Baskervilles,"are placed before that hospital the words 'Charing Cross' very naturally suggest themselves.""",0.0,,,
544,Mystery/Crime,The Hound of the Baskervilles,Author of 'Some Freaks of Atavism' ( Lancet 1882).,-0.1027,,,
545,Mystery/Crime,The Hound of the Baskervilles,"Though young, his long back was already bowed, and he walked with a forward thrust of his head and a general air of peering benevolence.",0.4019,,,
546,Mystery/Crime,The Hound of the Baskervilles,"""I observe from your forefinger that you make your own cigarettes.",0.0,,,
547,Mystery/Crime,The Hound of the Baskervilles,"""This family paper was committed to my care by Sir Charles Baskerville, whose sudden and tragic death some three months ago created so much excitement in Devonshire.",0.4364,,,
548,Mystery/Crime,The Hound of the Baskervilles,"It chanced that this Hugo came to love (if, indeed, so dark a passion may be known under so bright a name) the daughter of a yeoman who held lands near the Baskerville estate.",0.9046,,,
549,Mystery/Crime,The Hound of the Baskervilles,"These, though known for their valour and their breed, were whimpering in a cluster at the head of a deep dip or goyal, as we call it, upon the moor, some slinking away and some, with starting hackles and staring eyes, gazing down the narrow valley before them.",0.0,,,
550,Mystery/Crime,The Hound of the Baskervilles,"Our visitor readjusted his glasses and began: ""The recent sudden death of Sir Charles Baskerville, whose name has been mentioned as the probable Liberal candidate for Mid-Devon at the next election, has cast a gloom over the county.",-0.8176,,,
551,Mystery/Crime,The Hound of the Baskervilles,Halfway down this walk there is a gate which leads out on to the moor.,0.0,,,
552,Mystery/Crime,The Hound of the Baskervilles,"For both these reasons I thought that I was justified in telling rather less than I knew, since no practical good could result from it, but with you there is no reason why I should not be perfectly frank.",-0.7312,,,
553,Mystery/Crime,The Hound of the Baskervilles,"His heart was, I knew, affected, and the constant anxiety in which he lived, however chimerical the cause of it might be, was evidently having a serious effect upon his health.",-0.3818,,,
554,Mystery/Crime,The Hound of the Baskervilles,"The walk in the centre is about eight feet across.""",0.0,,,
555,Mystery/Crime,The Hound of the Baskervilles,"""I could not call you in, Mr. Holmes, without disclosing these facts to the world, and I have already given my reasons for not wishing to do so.",-0.1695,,,
556,Mystery/Crime,The Hound of the Baskervilles,"The only other kinsman whom we have been able to trace was Rodger Baskerville, the youngest of three brothers of whom poor Sir Charles was the elder.",-0.4767,,,
557,Mystery/Crime,The Hound of the Baskervilles,"Your advice, then, as I understand it, is that the young man will be as safe in Devonshire as in London.",0.4404,,,
558,Mystery/Crime,The Hound of the Baskervilles,"""I suppose it is pretty thick, now that you mention it.""",0.4939,,,
559,Mystery/Crime,The Hound of the Baskervilles,"Here are two moorland farmhouses, High Tor and Foulmire.",0.0,,,
560,Mystery/Crime,The Hound of the Baskervilles,"""I am presuming that the cause of his fears came to him across the",-0.4215,,,
561,Mystery/Crime,The Red House Mystery,"If you are not located in the United States, you will have to check the laws of the country where you are located before using this eBook.",0.4215,,,
562,Mystery/Crime,The Red House Mystery,"She gave a self-conscious laugh and went on, ""Wonder what I should do if I didn't see Joe for fifteen years.""",0.5574,,,
563,Mystery/Crime,The Red House Mystery,"""They were saying at breakfast he'd been a wild one.",0.0,,,
564,Mystery/Crime,The Red House Mystery,"She told her aunt afterwards that she would have known him anywhere for Mr. Mark's brother, but she would have said that in any event.",0.0,,,
565,Mystery/Crime,The Red House Mystery,"The ""Temple"" was a brick summer-house, in the gardens at the back of the house, about three hundred yards away.",0.0,,,
566,Mystery/Crime,The Red House Mystery,"""If you remember, Audrey, I always said there was no saying with anyone from Australia.""",-0.296,,,
567,Mystery/Crime,The Red House Mystery,He was not what most people call a snob.,-0.5046,,,
568,Mystery/Crime,The Red House Mystery,"""Hallo, Major,"" he said as he came in, ""how's the gout?""",0.0,,,
569,Mystery/Crime,The Red House Mystery,"She often wanted to say it herself, particularly at rehearsals.",0.0,,,
570,Mystery/Crime,The Red House Mystery,"At about the time when the Major (for whatever reasons) was fluffing his tee-shot at the sixteenth, and Mark and his cousin were at their business at the Red House, an attractive gentleman of the name of Antony Gillingham was handing up his ticket at Woodham station and asking the way to the village.",0.4404,,,
571,Mystery/Crime,The Red House Mystery,"He would take no wages the first month, and--if he satisfied his employer--double wages the second.",0.1531,,,
572,Mystery/Crime,The Red House Mystery,"Both of them were in evening-dress, but they did different things with their napkins, and Antony was the more polite of the two.",0.0,,,
573,Mystery/Crime,The Red House Mystery,"Antony couldn't help feeling a thrill of excitement as he followed Cayley's example, and put his face close up to the glass.",-0.1376,,,
574,Mystery/Crime,The Red House Mystery,But then one always went about imagining that these things didn't happen--except to other people.,0.0,,,
575,Mystery/Crime,The Red House Mystery,"Antony smiled back at him, and said cheerfully, ""Well, then, I'll begin by suggesting that you should ring up the police.""",0.765,,,
576,Mystery/Crime,The Red House Mystery,"As we stand just inside the door, the length of the room runs right and left; or, more accurately, to the right only, for the left-hand wall is almost within our reach.",-0.0422,,,
577,Mystery/Crime,The Red House Mystery,He was asking himself why the door was open.,0.0,,,
578,Mystery/Crime,The Red House Mystery,"""Well, how else could he have got away?",0.0,,,
579,Mystery/Crime,The Red House Mystery,"Besides, it's so dull for you, not playing.""",-0.541,,,
580,Mystery/Crime,The Red House Mystery,"in an awe-struck voice, and Miss Norris, who was instinctively looking as tragic as she looked on the",-0.5574,,,
581,Mystery/Crime,The Man Who Was Thursday A Ni,"If you are not located in the United States, you will have to check the laws of the country where you are located before using this eBook.",0.4215,,,
582,Mystery/Crime,The Man Who Was Thursday A Ni,"It was built of a bright brick throughout; its sky-line was fantastic, and even its ground plan was wild.",0.7579,,,
583,Mystery/Crime,The Man Who Was Thursday A Ni,"And Mr. Lucian Gregory, the red-haired poet, was really (in some sense) a man worth listening to, even if one only laughed at the end of it.",0.5994,,,
584,Mystery/Crime,The Man Who Was Thursday A Ni,"In fact, Mr. Lucian Gregory, the anarchic poet, connected the two events.",0.0,,,
585,Mystery/Crime,The Man Who Was Thursday A Ni,"Chaos is dull; because in chaos the train might indeed go anywhere, to Baker Street or to Bagdad.",-0.8779,,,
586,Mystery/Crime,The Man Who Was Thursday A Ni,"""Really,"" said Gregory superciliously, ""the examples you choose--"" ""I beg your pardon,"" said Syme grimly, ""I forgot we had abolished all conventions.""",-0.3182,,,
587,Mystery/Crime,The Man Who Was Thursday A Ni,"For he was a sincere man, and in spite of his superficial airs and graces, at root a humble one.",0.2263,,,
588,Mystery/Crime,The Man Who Was Thursday A Ni,"""About this and this ,"" he cried; ""about order and anarchy.",-0.3818,,,
589,Mystery/Crime,The Man Who Was Thursday A Ni,Syme struck his stick violently on the stones of the road.,-0.7003,,,
590,Mystery/Crime,The Man Who Was Thursday A Ni,"""The pâté de foie gras is not good here, but I can recommend the game.""",0.3709,,,
591,Mystery/Crime,The Man Who Was Thursday A Ni,"Syme took the cigar, clipped the end off with a cigar-cutter out of his waistcoat pocket, put it in his mouth, lit it slowly, and let out a long cloud of smoke.",0.0,,,
592,Mystery/Crime,The Man Who Was Thursday A Ni,"""And now, my dear Mr. Syme,"" said Gregory, throwing himself in an expansive manner on the bench under the largest bomb, ""now we are quite cosy, so let us talk properly.",-0.1531,,,
593,Mystery/Crime,The Man Who Was Thursday A Ni,"You surround yourself with steel instruments which make the place, if I may say so, more impressive than homelike.",0.5956,,,
594,Mystery/Crime,The Man Who Was Thursday A Ni,What can I find more respectable than bishops and majors?',0.4927,,,
595,Mystery/Crime,The Man Who Was Thursday A Ni,"Gregory smiled in deprecation, and walked across the room, talking rapidly.",0.5423,,,
596,Mystery/Crime,The Man Who Was Thursday A Ni,"Gregory tried to spring up straight, but he swayed thrice.",0.1154,,,
597,Mystery/Crime,The Man Who Was Thursday A Ni,"""I don't believe in immortality,"" he said at last, ""but if, after all this, you were to break your word, God would make a hell only for you, to howl in for ever.""",-0.6956,,,
598,Mystery/Crime,The Man Who Was Thursday A Ni,"This being approved by a show of hands, the little man with the papers slipped into the presidential seat.",0.4215,,,
599,Mystery/Crime,The Man Who Was Thursday A Ni,"He believed in his own literary power, his capacity for suggesting fine shades and picking perfect words.",0.6705,,,
600,Mystery/Crime,The Man Who Was Thursday A Ni,"I repeat, we are the true early Christians, on",0.4215,,,
601,Philosophy/Essays,Pragmatism A New Name for Som,"If you are not located in the United States, you will have to check the laws of the country where you are located before using this eBook.",0.4215,,,
602,Philosophy/Essays,Pragmatism A New Name for Som,One may entirely reject it and still be a pragmatist.,-0.4576,,,
603,Philosophy/Essays,Pragmatism A New Name for Som,"Common sense one stage in mental evolution, due to geniuses.",0.0,,,
604,Philosophy/Essays,Pragmatism A New Name for Som,For the philosophy which is so important in each of us is not a technical matter; it is our more or less dumb sense of what life honestly and deeply means.,0.255,,,
605,Philosophy/Essays,Pragmatism A New Name for Som,"It 'bakes no bread,' as has been said, but it can inspire our souls with courage; and repugnant as its manners, its doubting and challenging, its quibbling and dialectics, often are to common people, no one of us can get along without the far-flashing beams of light it sends over the world's perspectives.",0.6956,,,
606,Philosophy/Essays,Pragmatism A New Name for Som,There is no reason to suppose that this strong temperamental vision is from now onward to count no longer in the history of man's beliefs.,0.3559,,,
607,Philosophy/Essays,Pragmatism A New Name for Som,I think you will practically recognize the two types of mental make-up that I mean if I head the columns by the titles 'tender-minded' and 'tough-minded' respectively.,0.34,,,
608,Philosophy/Essays,Pragmatism A New Name for Som,"Everything of course is necessarily determined, and yet of course our wills are free: a sort of free-will determinism is the true philosophy.",0.8176,,,
609,Philosophy/Essays,Pragmatism A New Name for Som,The result is what one may call the growth of naturalistic or positivistic feeling.,0.7184,,,
610,Philosophy/Essays,Pragmatism A New Name for Som,"It is eclectic, a thing of compromises, that seeks a modus vivendi above all things.",0.0,,,
611,Philosophy/Essays,Pragmatism A New Name for Som,"I am not sure how many of you live close enough to philosophy to realize fully what I mean by this last reproach, so I will dwell a little longer on that unreality in all rationalistic systems by which your serious believer in facts is so apt to feel repelled.",-0.1239,,,
612,Philosophy/Essays,Pragmatism A New Name for Som,It will seem rather a monument of artificiality.,0.0,,,
613,Philosophy/Essays,Pragmatism A New Name for Som,"Moreover, since there is no reason to suppose that there are stars everywhere, may there not be a great space beyond the region of the stars?",-0.6698,,,
614,Philosophy/Essays,Pragmatism A New Name for Som,"The actual universe is a thing wide open, but rationalism makes systems, and systems must be closed.",0.0,,,
615,Philosophy/Essays,Pragmatism A New Name for Som,"But while Professors Royce and Bradley and a whole host of guileless thoroughfed thinkers are unveiling Reality and the Absolute and explaining away evil and pain, this is the condition of the only beings known to us anywhere in the universe with a developed consciousness of what the universe is.",-0.9109,,,
616,Philosophy/Essays,Pragmatism A New Name for Som,"And such, tho possibly less tensely charged with feeling, is the verdict of every seriously inquiring amateur in philosophy to-day who turns to the philosophy-professors for the wherewithal to satisfy the fulness of his nature's needs.",0.2433,,,
617,Philosophy/Essays,Pragmatism A New Name for Som,Was Cologne cathedral built without an architect's plan on paper?,0.0,,,
618,Philosophy/Essays,Pragmatism A New Name for Som,"""Statt der lebendigen Natur,"" we say, ""da Gott die Menschen schuf hinein""--that nebulous concoction, that wooden, that straight-laced thing, that crabbed artificiality, that musty schoolroom product, that sick man's dream!",-0.7574,,,
619,Philosophy/Essays,Pragmatism A New Name for Som,The case of Herbert Spencer's system is much to the point here.,0.0,,,
620,Philosophy/Essays,Pragmatism A New Name for Som,"If you mean passing from the north of him to the east, then to the south, then to the west, and then to the north of him again",0.0,,,
621,Philosophy/Essays,Beyond Good and Evil,"If you are not located in the United States, you will have to check the laws of the country where you are located before using this eBook.",0.4215,,,
622,Philosophy/Essays,Beyond Good and Evil,"Certainly she has never allowed herself to be won; and at present every kind of dogma stands with sad and discouraged mien--IF, indeed, it stands at all!",0.1511,,,
623,Philosophy/Essays,Beyond Good and Evil,"But we, who are neither Jesuits, nor democrats, nor even sufficiently Germans, we GOOD EUROPEANS, and free, VERY free spirits--we have it still, all the distress of spirit and all the tension of its bow!",0.8638,,,
624,Philosophy/Essays,Beyond Good and Evil,In fact we made a long halt at the question as to the origin of this Will--until at last we came to an absolute standstill before a yet more fundamental question.,0.0,,,
625,Philosophy/Essays,Beyond Good and Evil,or the pure sun-bright vision of the wise man out of covetousness?,0.6249,,,
626,Philosophy/Essays,Beyond Good and Evil,"It might even be possible that WHAT constitutes the value of those good and respected things, consists precisely in their being insidiously related, knotted, and crocheted to these evil and apparently opposed things--perhaps even in being essentially identical with them.",0.4588,,,
627,Philosophy/Essays,Beyond Good and Evil,"The spectacle of the Tartuffery of old Kant, equally stiff and decent, with which he entices us into the dialectic by-ways that lead (more correctly mislead) to his ""categorical imperative""--makes us fastidious ones smile, we who find no small amusement in spying out the subtle tricks of old moralists and ethical preachers.",0.6808,,,
628,Philosophy/Essays,Beyond Good and Evil,"He, the old school-teacher of Samos, who sat concealed in his little garden at Athens, and wrote three hundred books, perhaps out of rage and ambitious envy of Plato, who knows!",-0.4389,,,
629,Philosophy/Essays,Beyond Good and Evil,"In reality, however, it is quite otherwise with you: while you pretend to read with rapture the canon of your law in Nature, you want something quite the contrary, you extraordinary stage-players and self-deluders!",0.2003,,,
630,Philosophy/Essays,Beyond Good and Evil,"The main thing about them is NOT that they wish to go ""back,"" but that they wish to get AWAY therefrom.",-0.5448,,,
631,Philosophy/Essays,Beyond Good and Evil,"People were beside themselves with delight over this new faculty, and the jubilation reached its climax when Kant further discovered a moral faculty in man--for at that time Germans were still moral, not yet dabbling in the ""Politics of hard fact.""",0.5994,,,
632,Philosophy/Essays,Beyond Good and Evil,Or is it not rather merely a repetition of the question?,0.0,,,
633,Philosophy/Essays,Beyond Good and Evil,"But the way is open for new acceptations and refinements of the soul-hypothesis; and such conceptions as ""mortal soul,"" and ""soul of subjective multiplicity,"" and ""soul as social structure of the instincts and passions,"" want henceforth to have legitimate rights in science.",0.4215,,,
634,Philosophy/Essays,Beyond Good and Evil,"In this overcoming of the world, and interpreting of the world in the manner of Plato, there was an ENJOYMENT different from that which the physicists of today offer us--and likewise the Darwinists and anti-teleologists among the physiological workers, with their principle of the ""smallest possible effort,"" and the greatest possible blunder.",0.8602,,,
635,Philosophy/Essays,Beyond Good and Evil,"There are still harmless self-observers who believe that there are ""immediate certainties""; for instance, ""I think,"" or as the superstition of Schopenhauer puts it, ""I will""; as though cognition here got hold of its object purely and simply as ""the thing in itself,"" without any falsification taking place either on the part of the subject or the object.",0.25,,,
636,Philosophy/Essays,Beyond Good and Evil,"""Sir,"" the philosopher will perhaps give him to understand, ""it is improbable that you are not mistaken, but why should it be the truth?""",0.1419,,,
637,Philosophy/Essays,Beyond Good and Evil,But it again and again seems to me that in this case Schopenhauer also only did what philosophers are in the habit of doing--he seems to have adopted a POPULAR PREJUDICE and exaggerated it.,-0.3291,,,
638,Philosophy/Essays,Beyond Good and Evil,"Under an invisible spell, they always revolve once more in the same orbit, however independent of each other they may feel themselves with their critical or systematic wills, something within them leads them, something impels them in definite order the one after the other--to wit, the innate methodology and relationship of their ideas.",-0.0516,,,
639,Philosophy/Essays,Beyond Good and Evil,"And as a matter of fact, the fatalism of the weak-willed embellishes itself surprisingly when it can pose as ""la religion de la souffrance humaine""; that is ITS ""good taste.""",0.5574,,,
640,Philosophy/Essays,Beyond Good and Evil,"A proper physio-psychology has to contend with unconscious antagonism in the heart of the investigator, it has ""the heart"" against it even a doctrine of the reciprocal conditionalness of the ""good"" and the ""bad"" impulses, causes (as refined immorality) distress and aversion in a still strong and manly conscience--still more so, a doctri",-0.6908,,,
641,Philosophy/Essays,Thus Spake Zarathustra A Book,"If you are not located in the United States, you will have to check the laws of the country where you are located before using this eBook.",0.4215,,,
642,Philosophy/Essays,Thus Spake Zarathustra A Book,"Here we may still be hopeful: in the rearing of exceptional men.""",0.5106,,,
643,Philosophy/Essays,Thus Spake Zarathustra A Book,"The author of ""Zarathustra"" never lost sight of that egregious example of a transvaluation of all values through Christianity, whereby the whole of the deified mode of life and thought of the Greeks, as well as strong Romedom, was almost annihilated or transvalued in a comparatively short time.",0.8427,,,
644,Philosophy/Essays,Thus Spake Zarathustra A Book,"Beneath this is written:-- ""Zarathustra born on lake Urmi; left his home in his thirtieth year, went into the province of Aria, and, during ten years of solitude in the mountains, composed the Zend-Avesta.""",0.0,,,
645,Philosophy/Essays,Thus Spake Zarathustra A Book,"It was on these two roads that all 'Zarathustra' came to me, above all Zarathustra himself as a type;--I ought rather to say that it was on these walks that these ideas waylaid me.""",0.0,,,
646,Philosophy/Essays,Thus Spake Zarathustra A Book,"In a chamber high above the Piazza just mentioned, from which one obtained a general view of Rome and could hear the fountains plashing far below, the loneliest of all songs was composed--'The Night-Song'.",-0.5267,,,
647,Philosophy/Essays,Thus Spake Zarathustra A Book,"It actually seems, to use one of Zarathustra's own phrases, as if all things came unto one, and would fain be similes: 'Here do all things come caressingly to thy talk and flatter thee, for they want to ride upon thy back.",0.1779,,,
648,Philosophy/Essays,Thus Spake Zarathustra A Book,"In the following November, while staying at Mentone, he began to elaborate these notes, and after a long pause, finished the manuscript at Nice between the end of January and the middle of February 1885.",0.4215,,,
649,Philosophy/Essays,Thus Spake Zarathustra A Book,"But at last his heart changed,--and rising one morning with the rosy dawn, he went before the sun, and spake thus unto it: Thou great star!",0.7871,,,
650,Philosophy/Essays,Thus Spake Zarathustra A Book,Then thou carriedst thine ashes into the mountains: wilt thou now carry thy fire into the valleys?,-0.34,,,
651,Philosophy/Essays,Thus Spake Zarathustra A Book,"Go not to men, but stay in the forest!",0.0,,,
652,Philosophy/Essays,Thus Spake Zarathustra A Book,"And just the same shall man be to the Superman: a laughing-stock, a thing of shame.",-0.4767,,,
653,Philosophy/Essays,Thus Spake Zarathustra A Book,Is your soul not poverty and pollution and wretched self-complacency?,0.4023,,,
654,Philosophy/Essays,Thus Spake Zarathustra A Book,I do not see that I am fervour and fuel.,0.0,,,
655,Philosophy/Essays,Thus Spake Zarathustra A Book,"I love him who liveth in order to know, and seeketh to know in order that the Superman may hereafter live.",0.6369,,,
656,Philosophy/Essays,Thus Spake Zarathustra A Book,"I love all who are like heavy drops falling one by one out of the dark cloud that lowereth over man: they herald the coming of the lightning, and succumb as heralds.",0.7269,,,
657,Philosophy/Essays,Thus Spake Zarathustra A Book,I tell you: ye have still chaos in you.,-0.5719,,,
658,Philosophy/Essays,Thus Spake Zarathustra A Book,Every one wanteth the same; every one is equal: he who hath other sentiments goeth voluntarily into the madhouse.,0.0,,,
659,Philosophy/Essays,Thus Spake Zarathustra A Book,"When he was just midway across, the little door opened once more, and a gaudily-dressed fellow like a buffoon sprang out, and went rapidly after the first one.",0.3612,,,
660,Philosophy/Essays,Thus Spake Zarathustra A Book,"Now thou perishest by thy calling: therefore will I bury thee with mine own hands.""",0.0,,,
661,Philosophy/Essays,"The Will to Believe, and Other","If you are not located in the United States, you will have to check the laws of the country where you are located before using this eBook.",0.4215,,,
662,Philosophy/Essays,"The Will to Believe, and Other",Something is always mere fact and givenness ; and there may be in the whole universe no one point of view extant from which this would not be found to be the case.,-0.296,,,
663,Philosophy/Essays,"The Will to Believe, and Other",To some rationalizing readers such advocacy will seem a sad misuse of one's professional position.,-0.4767,,,
664,Philosophy/Essays,"The Will to Believe, and Other","After all, though, you will say, Why such an ado about a matter concerning which, however we may theoretically differ, we all practically agree?",0.3818,,,
665,Philosophy/Essays,"The Will to Believe, and Other",The most interesting and valuable things about a man are his ideals and over-beliefs.,0.7996,,,
666,Philosophy/Essays,"The Will to Believe, and Other","PAGE THE WILL TO BELIEVE 1 Hypotheses and options, 1 .",0.0,,,
667,Philosophy/Essays,"The Will to Believe, and Other","Theism a mean between two extremes, 134 .",0.0,,,
668,Philosophy/Essays,"The Will to Believe, and Other","THE IMPORTANCE OF INDIVIDUALS 255 Small differences may be important, 256 .",0.6166,,,
669,Philosophy/Essays,"The Will to Believe, and Other","I have long defended to my own students the lawfulness of voluntarily adopted faith; but as soon as they have got well imbued with the logical spirit, they have as a rule refused to admit my contention to be lawful philosophically, even though in point of fact they were personally all the time chock-full of some faith or other themselves.",0.8271,,,
670,Philosophy/Essays,"The Will to Believe, and Other","But if I say: ""Be an agnostic or be a Christian,"" it is otherwise: trained as you are, each hypothesis makes some appeal, however small, to your belief.",0.0,,,
671,Philosophy/Essays,"The Will to Believe, and Other","When we look at certain facts, it seems as if our passional and volitional nature lay at the root of all our convictions.",0.5719,,,
672,Philosophy/Essays,"The Will to Believe, and Other","We feel that a faith in masses and holy water adopted wilfully after such a mechanical calculation would lack the inner soul of faith's reality; and if we were ourselves in the place of the Deity, we should probably take particular pleasure in cutting off believers of this pattern from their infinite reward.",0.8126,,,
673,Philosophy/Essays,"The Will to Believe, and Other","All this strikes one as healthy, even when expressed, as by Clifford, with somewhat too much of robustious pathos in the voice.",0.0516,,,
674,Philosophy/Essays,"The Will to Believe, and Other",[ 2 ] As a rule we disbelieve all facts and theories for which we have no use.,-0.5267,,,
675,Philosophy/Essays,"The Will to Believe, and Other","V. It will be observed that for the purposes of this discussion we are on 'dogmatic' ground,--ground, I mean, which leaves systematic philosophical scepticism altogether out of account.",-0.2023,,,
676,Philosophy/Essays,"The Will to Believe, and Other","We slouchy modern thinkers dislike to talk in Latin,--indeed, we dislike to talk in set terms at all; but at bottom our own state of mind is very much like this whenever we uncritically abandon ourselves: You believe in objective evidence, and I do.",-0.4181,,,
677,Philosophy/Essays,"The Will to Believe, and Other","Apart from abstract propositions of comparison (such as two and two are the same as four), propositions which tell us nothing by themselves about concrete reality, we find no proposition ever regarded by any one as evidently certain that has not either been called a falsehood, or at least had its truth sincerely questioned by some one else.",0.5994,,,
678,Philosophy/Essays,"The Will to Believe, and Other",Not where it comes from but what it leads to is to decide.,0.0,,,
679,Philosophy/Essays,"The Will to Believe, and Other","He may be critical of many of his desires and fears, but this fear he slavishly obeys.",-0.7814,,,
680,Philosophy/Essays,"The Will to Believe, and Other","Throughout the breadth of physical nature facts are what they are quite independently of us, and seldom is there any such hurry about them that the risks of being duped by believing a premat",-0.5994,,,
681,Philosophy/Essays,Siddhartha,"If you are not located in the United States, you will have to check the laws of the country where you are located before using this eBook.",0.4215,,,
682,Philosophy/Essays,Siddhartha,"Walking the rosy paths of the fig tree garden, sitting in the bluish shade of the grove of contemplation, washing his limbs daily in the bath of repentance, sacrificing in the dim shade of the mango forest, his gestures of perfect decency, everyone's love and joy, he still lacked all joy in his heart.",0.9477,,,
683,Philosophy/Essays,Siddhartha,"No, not to be looked down upon was the tremendous amount of enlightenment which lay here collected and preserved by innumerable generations of wise Brahmans.--But where were the Brahmans, where the priests, where the wise men or penitents, who had succeeded in not just knowing this deepest of all knowledge but also to live it?",0.5267,,,
684,Philosophy/Essays,Siddhartha,"The evening had come, it was time to perform the evening's ablution.",0.0,,,
685,Philosophy/Essays,Siddhartha,"Silent and motionless stood the son with his arms folded, silent and motionless sat the father on the mat, and the stars traced their paths in the sky.",0.0,,,
686,Philosophy/Essays,Siddhartha,"""Siddhartha will do what his father will tell him to do.""",0.0,,,
687,Philosophy/Essays,Siddhartha,"He ate only once a day, and never something cooked.",0.0,,,
688,Philosophy/Essays,Siddhartha,"He went the way of self-denial by means of pain, through voluntarily suffering and overcoming pain, hunger, thirst, tiredness.",-0.8934,,,
689,Philosophy/Essays,Siddhartha,"The same escape, the same short numbing is what the driver of an ox-cart finds in the inn, drinking a few bowls of rice-wine or fermented coconut-milk.",-0.1027,,,
690,Philosophy/Essays,Siddhartha,"We find comfort, we find numbness, we learn feats, to deceive others.",-0.3182,,,
691,Philosophy/Essays,Siddhartha,"And Govinda mumbled a verse to himself, a verse from an Upanishad: He who ponderingly, of a purified spirit, loses himself in the meditation of Atman, unexpressable by words is his blissfulness of his heart.",-0.1531,,,
692,Philosophy/Essays,Siddhartha,"Speak, friend, wouldn't we want to go there too and listen to the teachings from the Buddha's mouth?""",0.4548,,,
693,Philosophy/Essays,Siddhartha,"But Siddhartha put his mouth close to Govinda's ear and whispered to him: ""Now, I want to show the old man that I've learned something from him.""",0.1154,,,
694,Philosophy/Essays,Siddhartha,"This made Govinda happy, and full of joy he exclaimed: ""Well so, thus we have reached our destination, and our path has come to an end!",0.8832,,,
695,Philosophy/Essays,Siddhartha,"With a hidden smile, quiet, calm, somewhat resembling a healthy child, the Buddha walked, wore the robe and placed his feet just as all of his monks did, according to a precise rule.",0.7369,,,
696,Philosophy/Essays,Siddhartha,"And Gotama accepted them by speaking: ""You have heard the teachings well, it has come to you well.",0.6486,,,
697,Philosophy/Essays,Siddhartha,"Siddhartha placed his hand on Govinda's shoulder: ""You failed to hear my good wish for you, oh Govinda.",0.6705,,,
698,Philosophy/Essays,Siddhartha,"But I will again start on my pilgrimage.""",0.0,,,
699,Philosophy/Essays,Siddhartha,But let me say this one more thing: I have not doubted in you for a single moment.,0.3007,,,
700,Philosophy/Essays,Siddhartha,"Only for myself, for myself alone, I m",-0.25,,,
701,Historical/Political,The Jungle,"If you are not located in the United States, you will have to check the laws of the country where you are located before using this eBook.",0.4215,,,
702,Historical/Political,The Jungle,"There were five pink paper roses twisted in the veil, and eleven bright green rose leaves.",0.4404,,,
703,Historical/Political,The Jungle,"To the right there is a door from the saloon, with a few loafers in the doorway, and in the corner beyond it a bar, with a presiding genius clad in soiled white, with waxed black mustaches and a carefully oiled curl plastered against one side of his forehead.",0.128,,,
704,Historical/Political,The Jungle,"All this time they have been there, playing in a mad frenzy--all of this scene must be read, or said, or sung, to music.",-0.34,,,
705,Historical/Political,The Jungle,"Before the feast has been five minutes under way, Tamoszius Kuszleika has risen in his excitement; a minute or two more and you see that he is beginning to edge over toward the tables.",0.4939,,,
706,Historical/Political,The Jungle,"In the excitement of this masterpiece Tamoszius Kuszleika begins to edge in between the tables, making his way toward the head, where sits the bride.",0.8074,,,
707,Historical/Political,The Jungle,"He has been only six months in America, and the change has not done him good.",-0.3412,,,
708,Historical/Political,The Jungle,"Some do not dance anything at all, but simply hold each other's hands and allow the undisciplined joy of motion to express itself with their feet.",0.8201,,,
709,Historical/Political,The Jungle,"Juozas is driving one of Durham's wagons, and is making big wages.",0.0,,,
710,Historical/Political,The Jungle,"The cut may heal, but you never can tell.",-0.1406,,,
711,Historical/Political,The Jungle,"The acziavimas is a ceremony which, once begun, will continue for three or four hours, and it involves one uninterrupted dance.",0.0,,,
712,Historical/Political,The Jungle,Endlessly the dancers swung round and round--when they were dizzy they swung the other way.,-0.2263,,,
713,Historical/Political,The Jungle,"She drove on the dancers--what had once been the ring had now the shape of a pear, with Marija at the stem, pulling one way and pushing the other, shouting, stamping, singing, a very volcano of energy.",0.3321,,,
714,Historical/Political,The Jungle,"Ona stood by, her eyes wide with terror.",-0.5267,,,
715,Historical/Political,The Jungle,"Money could not tell the value of these chickens to old Mrs. Jukniene--she valued them differently, for she had a feeling that she was getting something for nothing by means of them--that with them she was getting the better of a world that was getting the better of her in so many other ways.",0.8,,,
716,Historical/Political,The Jungle,"He had said it again in New York, when the smooth-spoken agent had taken them in hand and made them pay such high prices, and almost prevented their leaving his place, in spite of their paying.",-0.2006,,,
717,Historical/Political,The Jungle,"There is no fight that night--perhaps because Jurgis, too, is watchful--even more so than the policeman.",-0.5859,,,
718,Historical/Political,The Jungle,"Little Ona is nearly ready to faint--and half in a stupor herself, because of the heavy scent in the room.",0.3612,,,
719,Historical/Political,The Jungle,He could not even imagine how it would feel to be beaten.,-0.4215,,,
720,Historical/Political,The Jungle,"There are a very few peasants settled in it, holding title from ancient times; and one of these was Antanas Rudkus, who had been reared himself, and had reared his children in turn,",0.0,,,
721,Historical/Political,Up from Slavery An Autobiogra,"If you are not located in the United States, you will have to check the laws of the country where you are located before using this eBook.",0.4215,,,
722,Historical/Political,Up from Slavery An Autobiogra,"Williams College had many good things for youth in that day, as it has in this, but the greatest was the strong personality of its famous president.",0.9217,,,
723,Historical/Political,Up from Slavery An Autobiogra,The first time that I went to Tuskegee I was asked to make an address to the school on Sunday evening.,0.0,,,
724,Historical/Political,Up from Slavery An Autobiogra,"I had long ago thrown aside illusions and theories, and was willing to meet the facts face to face, and to do whatever in God's name a man might do towards saving the next generation from such a burden.",-0.4404,,,
725,Historical/Political,Up from Slavery An Autobiogra,It is almost the only one of which it may be said that it points the way to a new epoch in a large area of our national life.,0.0,,,
726,Historical/Political,Up from Slavery An Autobiogra,Mr. Washington has won a world-wide fame at an early age.,0.765,,,
727,Historical/Political,Up from Slavery An Autobiogra,It has thus come about that the school is taking a more direct and helpful hold on life in the South than anywhere else in the country.,0.4703,,,
728,Historical/Political,Up from Slavery An Autobiogra,I have been unsuccessful in securing any information that would throw any accurate light upon the history of my family beyond my mother.,-0.0516,,,
729,Historical/Political,Up from Slavery An Autobiogra,"There was no wooden floor in our cabin, the naked earth being used as a floor.",-0.296,,,
730,Historical/Political,Up from Slavery An Autobiogra,I was asked not long ago to tell something about the sports and pastimes that I engaged in during my youth.,0.4019,,,
731,Historical/Political,Up from Slavery An Autobiogra,"These discussions showed that they understood the situation, and that they kept themselves informed of events by what was termed the ""grape-vine"" telegraph.",0.0,,,
732,Historical/Political,Up from Slavery An Autobiogra,"Naturally much of the conversation of the white people turned upon the subject of freedom and the war, and I absorbed a good deal of it.",0.4939,,,
733,Historical/Political,Up from Slavery An Autobiogra,"I had to wear the flax shirt or none; and had it been left to me to choose, I should have chosen to wear no covering.",-0.296,,,
734,Historical/Political,Up from Slavery An Autobiogra,"Any one attempting to harm ""young Mistress"" or ""old Mistress"" during the night would have had to cross the dead body of the slave to do so.",-0.8316,,,
735,Historical/Political,Up from Slavery An Autobiogra,I pity from the bottom of my heart any nation or body of people that is so unfortunate as to get entangled in the net of slavery.,-0.8972,,,
736,Historical/Political,Up from Slavery An Autobiogra,"The slaves, of course, had little personal interest in the life of the plantation, and their ignorance prevented them from learning how to do things in the most improved and thorough manner.",0.574,,,
737,Historical/Political,Up from Slavery An Autobiogra,"The slaves would give the Yankee soldiers food, drink, clothing--anything but that which had been specifically intrusted to their care and honour.",0.8847,,,
738,Historical/Political,Up from Slavery An Autobiogra,"She explained to us what it all meant, that this was the day for which she had been so long praying, but fearing that she would never live to see.",-0.6323,,,
739,Historical/Political,Up from Slavery An Autobiogra,"In some way a feeling got among the coloured people that it was far from proper for them to bear the surname of their former owners, and a great many of them took other surnames.",0.6808,,,
740,Historical/Political,Up from Slavery An Autobiogra,From the time of our parting till their death we kept up a correspondenc,-0.5994,,,
741,Historical/Political,The Ragged Trousered Philanthr,"If you are not located in the United States, you will have to check the laws of the country where you are located before using this eBook.",0.4215,,,
742,Historical/Political,The Ragged Trousered Philanthr,"Another answer is that ""The Philanthropists"" is not a treatise or essay, but a novel.",0.4497,,,
743,Historical/Political,The Ragged Trousered Philanthr,Openings were cut through walls and doors were being put where no doors had been before.,-0.5106,,,
744,Historical/Political,The Ragged Trousered Philanthr,"His trousers were part of a suit that he had once worn for best, but that was so long ago that they had become too small for him, fitting rather tightly and scarcely reaching the top of his patched and broken hob-nailed boots.",-0.1494,,,
745,Historical/Political,The Ragged Trousered Philanthr,"The others did not perhaps object to him trying to better his condition, but his wages--fivepence an hour--were twopence an hour less than the standard rate, and the result was that in slack times often a better workman was ""stood off"" when Sawkins was kept on.",0.7003,,,
746,Historical/Political,The Ragged Trousered Philanthr,"And seeing all this he thought that it was wrong, that the system that produced such results was rotten and should be altered.",-0.7506,,,
747,Historical/Political,The Ragged Trousered Philanthr,"""Is the gent what's bought this 'ouse any relation to Sweater the draper?""",0.0,,,
748,Historical/Political,The Ragged Trousered Philanthr,"""Talking about the drains,"" said old Jack Linden when the laughter produced by this elegant joke had ceased.",0.8412,,,
749,Historical/Political,The Ragged Trousered Philanthr,"Some of them were under the delusion that they were Conservatives: similarly, others imagined themselves to be Liberals.",0.0,,,
750,Historical/Political,The Ragged Trousered Philanthr,"He mumbled something about not having no 'ed for figures, and offered to bring full particulars next day.",0.2235,,,
751,Historical/Political,The Ragged Trousered Philanthr,It was scarcely necessary to think about it at all.,0.0,,,
752,Historical/Political,The Ragged Trousered Philanthr,"""Great as was the distress among the working classes last year, unfortunately there seems every prospect that before the winter which has just commenced is over the distress will be even more acute.",-0.4404,,,
753,Historical/Political,The Ragged Trousered Philanthr,Other countries have Protection and yet many of their people are glad to come here and work for starvation wages.,0.4588,,,
754,Historical/Political,The Ragged Trousered Philanthr,"""Yes,"" said Crass, agreeing with Slyme, ""an' thers plenty of 'em wot's too lazy to work when they can get it.",-0.0258,,,
755,Historical/Political,The Ragged Trousered Philanthr,"It's easy enough to buy one in a building society if you're in reg'lar work.""",0.4404,,,
756,Historical/Political,The Ragged Trousered Philanthr,"""Well, if we're all wrong,"" said Crass, with a sneer, ""praps you can tell us what the real cause is?""",0.0,,,
757,Historical/Political,The Ragged Trousered Philanthr,"But money itself is not wealth: it's of no use whatever.""",-0.7385,,,
758,Historical/Political,The Ragged Trousered Philanthr,"""Why is it,"" continued Owen, ""that we are not only deprived of our inheritance--we are not only deprived of nearly all the benefits of civilization, but we and our children are also often unable to obtain even the bare necessaries of existence?""",0.5194,,,
759,Historical/Political,The Ragged Trousered Philanthr,"His long, thin legs, about which the baggy trousers draped in ungraceful folds, were slightly knock-kneed and terminated in large, flat feet.",0.0,,,
760,Historical/Political,The Ragged Trousered Philanthr,"If there were an architect superintending the work, Misery would square him or bluff him.",-0.5719,,,
761,Historical/Political,The Souls of Black Folk,"If you are not located in the United States, you will have to check the laws of the country where you are located before using this eBook.",0.4215,,,
762,Historical/Political,The Souls of Black Folk,"For kindly consenting to their republication here, in altered and extended form, I must thank the publishers of the Atlantic Monthly, The World's Work, the Dial, The New World, and the Annals of the American Academy of Political and Social Science.",0.6908,,,
763,Historical/Political,The Souls of Black Folk,"I was a little thing, away up in the hills of New England, where the dark Housatonic winds between Hoosac and Taghkanic to the sea.",0.0,,,
764,Historical/Political,The Souls of Black Folk,"One ever feels his twoness,--an American, a Negro; two souls, two thoughts, two unreconciled strivings; two warring ideals in one dark body, whose dogged strength alone keeps it from being torn asunder.",-0.2263,,,
765,Historical/Political,The Souls of Black Folk,"By the poverty and ignorance of his people, the Negro minister or doctor was tempted toward quackery and demagogy; and by the criticism of the other world, toward ideals that made him ashamed of his lowly tasks.",-0.9001,,,
766,Historical/Political,The Souls of Black Folk,"The first decade was merely a prolongation of the vain search for freedom, the boon that seemed ever barely to elude their grasp,--like a tantalizing will-o'-the-wisp, maddening and misleading the headless host.",-0.5423,,,
767,Historical/Political,The Souls of Black Folk,"The cold statistician wrote down the inches of progress here and there, noted also where here and there a foot had slipped or some one had fallen.",0.0772,,,
768,Historical/Political,The Souls of Black Folk,"Men call the shadow prejudice, and learnedly explain it as the natural defence of culture against barbarism, learning against ignorance, purity against crime, the ""higher"" against the ""lower"" races.",-0.7506,,,
769,Historical/Political,The Souls of Black Folk,"The power of the ballot we need in sheer self-defence,--else what shall save us from a second slavery?",-0.3818,,,
770,Historical/Political,The Souls of Black Folk,"In effect, this tale of the dawn of Freedom is an account of that government of men called the Freedmen's Bureau,--one of the most singular and interesting of the attempts made by a great nation to grapple with vast problems of race and social condition.",0.8612,,,
771,Historical/Political,The Souls of Black Folk,Thus the barriers were levelled and the deed was done.,0.0,,,
772,Historical/Political,The Souls of Black Folk,"Masses of Negroes stood idle, or, if they worked spasmodically, were never sure of pay; and if perchance they received pay, squandered the new thing thoughtlessly.",-0.0951,,,
773,Historical/Political,The Souls of Black Folk,"Some see all significance in the grim front of the destroyer, and some in the bitter sufferers of the Lost Cause.",-0.9201,,,
774,Historical/Political,The Souls of Black Folk,"This bill passed, but too late for action by the House.",0.0,,,
775,Historical/Political,The Souls of Black Folk,"The Secretary of War could issue rations, clothing, and fuel to the destitute, and all abandoned property was placed in the hands of the Bureau for eventual lease and sale to ex-slaves in forty-acre parcels.",-0.7845,,,
776,Historical/Political,The Souls of Black Folk,"No sooner was the work thus started, and the general system and local organization in some measure begun, than two grave difficulties appeared which changed largely the theory and outcome of Bureau work.",-0.7184,,,
777,Historical/Political,The Souls of Black Folk,"Evidently, Congress must soon legislate again on the hastily organized Bureau, which had so quickly grown into wide significance and vast possibilities.",0.2732,,,
778,Historical/Political,The Souls of Black Folk,"The government of the unreconstructed South was thus put very largely in the hands of the Freedmen's Bureau, especially as in many cases the departmental military commander was now made also assistant commissioner.",0.0,,,
779,Historical/Political,The Souls of Black Folk,So the cleft between the white and black South grew.,0.0,,,
780,Historical/Political,The Souls of Black Folk,"So labor contracts were written,--fifty thousand in a single State,--laborers advised, wages guaranteed, and employers supplied.",0.0,,,
781,Historical/Political,The Eighteenth Brumaire of Lou,"If you are not located in the United States, you will have to check the laws of the country where you are located before using this eBook.",0.4215,,,
782,Historical/Political,The Eighteenth Brumaire of Lou,We are no more English on account of them than we are Chinese because we all drink tea.,-0.296,,,
783,Historical/Political,The Eighteenth Brumaire of Lou,"The affair, also named from the month in which it took place, is the ""February Revolution"".",0.0,,,
784,Historical/Political,The Eighteenth Brumaire of Lou,"Once the new social establishment was set on foot, the antediluvian giants vanished, and, along with them, the resuscitated Roman world--the Brutuses, Gracchi, Publicolas, the Tribunes, the Senators, and Caesar himself.",0.0,,,
785,Historical/Political,The Eighteenth Brumaire of Lou,"The Englishman, so long as he was in his senses, could not rid himself of the rooted thought making gold.",0.0,,,
786,Historical/Political,The Eighteenth Brumaire of Lou,"On the 2d of December, the February revolution is jockeyed by the trick of a false player, and what seems to be overthrown is no longer the monarchy, but the liberal concessions which had been wrung from it by centuries of struggles.",-0.6059,,,
787,Historical/Political,The Eighteenth Brumaire of Lou,"Universal suffrage seems to have survived only for a moment, to the end that, before the eyes of the whole world, it should make its own testament with its own hands, and, in the name of the people, declare: ""All that exists deserves to perish.""",0.5106,,,
788,Historical/Political,The Eighteenth Brumaire of Lou,"The February days contemplated originally a reform of the suffrage laws, whereby the area of the politically privileged among the property-holding class was to be extended, while the exclusive rule of the aristocracy of finance was to be overthrown.",0.5267,,,
789,Historical/Political,The Eighteenth Brumaire of Lou,"As is known, the 15th of May had no other result than that of removing Blanqui and his associates, i.e.",-0.296,,,
790,Historical/Political,The Eighteenth Brumaire of Lou,But these succeeding blows become ever weaker the more generally they are distributed over the whole surface of society.,0.1154,,,
791,Historical/Political,The Eighteenth Brumaire of Lou,"Every demand for the most simple bourgeois financial reform, for the most ordinary liberalism, for the most commonplace republicanism, for the flattest democracy, is forthwith punished as an ""assault upon society,"" and is branded as ""Socialism.""",-0.8074,,,
792,Historical/Political,The Eighteenth Brumaire of Lou,The paper fought the aristocracy of finance just the same as did the rest of the bourgeois opposition.,-0.3182,,,
793,Historical/Political,The Eighteenth Brumaire of Lou,"Cavaignac, the General of the bourgeois republican party, who commanded at the battle of June, stepped into the place of the Executive Committee with a sort of dictatorial power.",0.0258,,,
794,Historical/Political,The Eighteenth Brumaire of Lou,They had to content themselves with tacking to it the limitation a six months' residence.,-0.296,,,
795,Historical/Political,The Eighteenth Brumaire of Lou,"Wherever the bourgeoisie wholly interdicted these rights to ""others,"" or allowed them their enjoyment under conditions that were but so many police snares, it was always done only in the interest of the ""public safety,"" i. e., of the bourgeoisie, as required by the Constitution.",0.743,,,
796,Historical/Political,The Eighteenth Brumaire of Lou,He has the whole armed power behind him.,0.0,,,
797,Historical/Political,The Eighteenth Brumaire of Lou,"True enough, the National Assembly presents in its several Representatives the various sides of the national spirit, but, in the President, this spirit is incarnated.",0.5106,,,
798,Historical/Political,The Eighteenth Brumaire of Lou,"The ancestors of these ""honest republicans"" had caused their symbol, the tricolor, to make the tour of Europe.",0.5106,,,
799,Historical/Political,The Eighteenth Brumaire of Lou,I shall later have occasion to enter closer into the relation of the farmers to the French revolution.,0.0,,,
800,Historical/Political,The Eighteenth Brumaire of Lou,"In the period that follows, they figure, whether within or without the Assembly, only as memories--memories that seem",0.0,,,
801,Poetry/Drama,Dubliners,"If you are not located in the United States, you will have to check the laws of the country where you are located before using this eBook.",0.4215,,,
802,Poetry/Drama,Dubliners,"""I wouldn't like children of mine,"" he said, ""to have too much to say to a man like that.""",-0.4973,,,
803,Poetry/Drama,Dubliners,Two poor women and a telegram boy were reading the card pinned on the crape.,-0.4767,,,
804,Poetry/Drama,Dubliners,But I could not remember the end of the dream.,0.3612,,,
805,Poetry/Drama,Dubliners,"My aunt waited until Eliza sighed and then said: ""Ah, well, he's gone to a better world.""",0.6124,,,
806,Poetry/Drama,Dubliners,"She stopped, as if she were communing with the past and then said shrewdly: ""Mind you, I noticed there was something queer coming over him latterly.",-0.2263,,,
807,Poetry/Drama,Dubliners,"He and his fat young brother Leo, the idler, held the loft of the stable while we tried to carry it by storm; or we fought a pitched battle on the grass.",-0.4019,,,
808,Poetry/Drama,Dubliners,The summer holidays were near at hand when I made up my mind to break out of the weariness of school-life for one day at least.,0.7003,,,
809,Poetry/Drama,Dubliners,We walked along the North Strand Road till we came to the Vitriol Works and then turned to the right along the Wharf Road.,0.0,,,
810,Poetry/Drama,Dubliners,"Refreshed by this, Mahony chased a cat down a lane, but the cat escaped into a wide field.",0.0,,,
811,Poetry/Drama,Dubliners,"I pretended that I had read every book he mentioned so that in the end he said: ""Ah, I can see you are a bookworm like myself.",0.3612,,,
812,Poetry/Drama,Dubliners,"He stood up slowly, saying that he had to leave us for a minute or so, a few minutes, and, without changing the direction of my gaze, I saw him walking slowly away from us towards the near end of the field.",-0.0516,,,
813,Poetry/Drama,Dubliners,"He would love that, he said, better than anything in this world; and his voice, as he led me monotonously through the mystery, grew almost affectionate and seemed to plead with me that I should understand him.",0.866,,,
814,Poetry/Drama,Dubliners,If my uncle was seen turning the corner we hid in the shadow until we had seen him safely housed.,0.4215,,,
815,Poetry/Drama,Dubliners,Some distant lamp or lighted window gleamed below me.,0.0,,,
816,Poetry/Drama,Dubliners,On Saturday morning I reminded my uncle that I wished to go to the bazaar in the evening.,0.0,,,
817,Poetry/Drama,Dubliners,"My aunt said to him energetically: ""Can't you give him the money and let him go?",0.4215,,,
818,Poetry/Drama,Dubliners,Remembering with difficulty why I had come I went over to one of the stalls and examined porcelain vases and flowered tea-sets.,-0.34,,,
819,Poetry/Drama,Dubliners,Still they seemed to have been rather happy then.,0.5719,,,
820,Poetry/Drama,Dubliners,"When they were growing up he had never gone for her like he used to go for Harry and Ernest, because",0.4939,,,
821,Poetry/Drama,The Waste Land,"If you are not located in the United States, you will have to check the laws of the country where you are located before using this eBook.",0.4215,,,
822,Poetry/Drama,The Waste Land,"Only There is shadow under this red rock, (Come in under the shadow of this red rock), And I will show you something different from either Your shadow at morning striding behind you Or your shadow at evening rising to meet you; I will show you fear in a handful of dust.",-0.4939,,,
823,Poetry/Drama,The Waste Land,"Unreal City, 60 Under the brown fog of a winter dawn, A crowd flowed over London Bridge, so many, I had not thought death had undone so many.",0.4847,,,
824,Poetry/Drama,The Waste Land,"Above the antique mantel was displayed As though a window gave upon the sylvan scene The change of Philomel, by the barbarous king So rudely forced; yet there the nightingale 100 Filled all the desert with inviolable voice And still she cried, and still the world pursues, ""Jug Jug"" to dirty ears.",-0.9056,,,
825,Poetry/Drama,The Waste Land,He'll want to know what you done with that money he gave you To get yourself some teeth.,0.0772,,,
826,Poetry/Drama,The Waste Land,"160 The chemist said it would be all right, but I've never been the same.",0.0,,,
827,Poetry/Drama,The Waste Land,"But at my back in a cold blast I hear The rattle of the bones, and chuckle spread from ear to ear.",0.5499,,,
828,Poetry/Drama,The Waste Land,"230 He, the young man carbuncular, arrives, A small house agent's clerk, with one bold stare, One of the low on whom assurance sits As a silk hat on a Bradford millionaire.",0.4404,,,
829,Poetry/Drama,The Waste Land,The barges wash Drifting logs Down Greenwich reach Past the Isle of Dogs.,0.0258,,,
830,Poetry/Drama,The Waste Land,"In this decayed hole among the mountains In the faint moonlight, the grass is singing Over the tumbled graves, about the chapel There is the empty chapel, only the wind's home.",-0.6808,,,
831,Poetry/Drama,The Waste Land,"The Man with Three Staves (an authentic member of the Tarot pack) I associate, quite arbitrarily, with the Fisher King himself.",0.0,,,
832,Poetry/Drama,The Waste Land,"The currants were quoted at a price ""carriage and insurance free to London""; and the Bill of Lading etc.",0.5106,,,
833,Poetry/Drama,The Waste Land,percussis anguibus isdem Forma prior rediit genetivaque venit imago.,0.0,,,
834,Poetry/Drama,The Waste Land,"Purgatorio , v. 133: ""Ricorditi di me, che son la Pia; Siena mi fe', disfecemi Maremma.""",0.0,,,
835,Poetry/Drama,The Waste Land,"Hermann Hesse, Blick ins Chaos : ""Schon ist halb Europa, schon ist zumindest der halbe Osten Europas auf dem Wege zum Chaos, fährt betrunken im heiligem Wahn am Abgrund entlang und singt dazu, singt betrunken und hymnisch wie Dmitri Karamasoff sang.",-0.8126,,,
836,Poetry/Drama,The Waste Land,"""'Ara vos prec per aquella valor 'que vos guida al som de l'escalina, 'sovegna vos a temps de ma dolor.'",0.0,,,
837,Poetry/Drama,The Waste Land,Nearly all the individual works in the collection are in the public domain in the United States.,0.4215,,,
838,Poetry/Drama,The Waste Land,"YOU AGREE THAT THE FOUNDATION, THE TRADEMARK OWNER, AND ANY DISTRIBUTOR UNDER THIS AGREEMENT WILL NOT BE LIABLE TO YOU FOR ACTUAL, DIRECT, INDIRECT, CONSEQUENTIAL, PUNITIVE OR INCIDENTAL DAMAGES EVEN IF YOU GIVE NOTICE OF THE POSSIBILITY OF SUCH DAMAGE.",-0.5719,,,
839,Poetry/Drama,The Waste Land,It exists because of the efforts of hundreds of volunteers and donations from people in all walks of life.,0.0,,,
840,Poetry/Drama,The Waste Land,"Thus, we do not necessarily keep eBooks in compliance with any particular paper edition.",0.0,,,
841,Poetry/Drama,Pygmalion,"If you are not located in the United States, you will have to check the laws of the country where you are located before using this eBook.",0.4215,,,
842,Poetry/Drama,Pygmalion,"Those who knew him will recognize in my third act the allusion to the patent Shorthand in which he used to write postcards, and which may be acquired from a four and six-penny manual published by the Clarendon Press.",0.0,,,
843,Poetry/Drama,Pygmalion,I wish to boast that Pygmalion has been an extremely successful play all over Europe and North America as well as at home.,0.8903,,,
844,Poetry/Drama,Pygmalion,Did you expect me to walk to Hammersmith?,0.0,,,
845,Poetry/Drama,Pygmalion,"THE FLOWER GIRL [hopefully] I can give you change for a tanner, kind lady.",0.5267,,,
846,Poetry/Drama,Pygmalion,"THE FLOWER GIRL [disappointed, but thinking three halfpence better than nothing] Thank you, sir.",0.7964,,,
847,Poetry/Drama,Pygmalion,How do I know whether you took me down right?,0.0,,,
848,Poetry/Drama,Pygmalion,THE SARCASTIC BYSTANDER [not attending to her] Do you know where I come from?,-0.4084,,,
849,Poetry/Drama,Pygmalion,[Her daughter repudiates her with an angry shrug and retires haughtily.],-0.5106,,,
850,Poetry/Drama,Pygmalion,Let him mind his own business and leave a poor girl-- THE NOTE TAKER [explosively] Woman: cease this detestable boohooing instantly; or else seek the shelter of some other place of worship.,-0.2732,,,
851,Poetry/Drama,Pygmalion,"HIGGINS [hearing in it the voice of God, rebuking him for his Pharisaic want of charity to the poor girl] A reminder.",0.2732,,,
852,Poetry/Drama,Pygmalion,"Besides the easy chair, the piano bench, and two chairs at the phonograph table, there is one stray chair.",0.4404,,,
853,Poetry/Drama,Pygmalion,"I hope I've not done wrong; but really you see such queer people sometimes--you'll excuse me, I'm sure, sir-- HIGGINS.",0.7292,,,
854,Poetry/Drama,Pygmalion,Pickering: shall we ask this baggage to sit down or shall we throw her out of the window?,0.0,,,
855,Poetry/Drama,Pygmalion,A lady friend of mine gets French lessons for eighteenpence an hour from a real French gentleman.,0.4939,,,
856,Poetry/Drama,Pygmalion,"You're certainly not going to turn her head with flattery, Higgins.",0.4215,,,
857,Poetry/Drama,Pygmalion,"MRS. PEARCE [resolutely] You must be reasonable, Mr. Higgins: really you must.",0.0,,,
858,Poetry/Drama,Pygmalion,"Very well, then, what on earth is all this fuss about?",0.3384,,,
859,Poetry/Drama,Pygmalion,"Oh, you've no feeling heart in you: you don't care for nothing but yourself [she rises and takes the floor resolutely].",-0.2878,,,
860,Poetry/Drama,Pygmalion,"If this girl is to put herself in your hands for six months for an experiment in teaching, she must",0.0,,,
861,Poetry/Drama,Mrs. Warren's Profession,"If you are not located in the United States, you will have to check the laws of the country where you are located before using this eBook.",0.4215,,,
862,Poetry/Drama,Mrs. Warren's Profession,"There was a time when they were able to urge that though ""the white-lead factory where Anne Jane was poisoned"" may be a far more terrible place than Mrs Warren's house, yet hell is still more dreadful.",-0.937,,,
863,Poetry/Drama,Mrs. Warren's Profession,"Consequently, I am the last man in the world to deny that if the net effect of performing Mrs Warren's Profession were an increase in the number of persons entering that profession, its performance should be dealt with accordingly.",0.0516,,,
864,Poetry/Drama,Mrs. Warren's Profession,"""The harlot's cry from street to street"" is louder than the voices of all the kings.",-0.4767,,,
865,Poetry/Drama,Mrs. Warren's Profession,"Everybody will, I hope, admit that this state of things is intolerable; that the subject of Mrs Warren's profession must be either tapu altogether, or else exhibited with the warning side as freely displayed as the tempting side.",0.6369,,,
866,Poetry/Drama,Mrs. Warren's Profession,"A complete toleration is equally impossible to Mr Redford, because his occupation would be gone if there were no tapu to enforce.",-0.296,,,
867,Poetry/Drama,Mrs. Warren's Profession,The scene represents a hall in the king's palace at night.,0.0,,,
868,Poetry/Drama,Mrs. Warren's Profession,"Nothing further being possible on the stage without actual felony, the officer then relents and leaves her.",0.431,,,
869,Poetry/Drama,Mrs. Warren's Profession,"The editor, confronted with the two stories given above, threw his pledge to the winds, and, instead of returning the article, printed it with the illustrative examples omitted, and nothing left but the argument from political principles against the Censorship.",-0.5647,,,
870,Poetry/Drama,Mrs. Warren's Profession,"I am quite sure that he sincerely thinks me a blackguard, and my play a grossly improper one, because, like Tolstoy's Dominion of Darkness, it produces, as they are both meant to produce, a very strong and very painful impression of evil.",0.5956,,,
871,Poetry/Drama,Mrs. Warren's Profession,There is the whole case against censorships in a nutshell.,0.0,,,
872,Poetry/Drama,Mrs. Warren's Profession,"Thus am I crushed between the upper millstone of the Mr Redford, who thinks me a libertine, and the nether popular critic, who thinks me a prude.",-0.4588,,,
873,Poetry/Drama,Mrs. Warren's Profession,"The drama of pure feeling is no longer in the hands of the playwright: it has been conquered by the musician, after whose enchantments all the verbal arts seem cold and tame.",-0.1779,,,
874,Poetry/Drama,Mrs. Warren's Profession,"It is the deus ex machina who, by suspending that resistance, makes the fall of the curtain an immediate necessity, since drama ends exactly where resistance ends.",0.0,,,
875,Poetry/Drama,Mrs. Warren's Profession,"The sarcasm is lost on the critics: they, saturated with the same logic, only think him the sole sensible person on the stage.",-0.6597,,,
876,Poetry/Drama,Mrs. Warren's Profession,"And, after all, there was no need to fall back on Silas Wegg's subterfuge.",-0.296,,,
877,Poetry/Drama,Mrs. Warren's Profession,"Her defence of herself is so overwhelming that it provokes the St James Gazette to declare that ""the tendency of the play is wholly evil"" because ""it contains one of the boldest and most specious defences of an immoral life for poor women that has ever been penned.""",-0.835,,,
878,Poetry/Drama,Mrs. Warren's Profession,The moral and economic evil done by trying to get other people's money without working for it (and this is the essence of gambling) is not only enormous but uncompensated.,-0.4019,,,
879,Poetry/Drama,Mrs. Warren's Profession,One critic is so enslaved by this sort of logic that he calls my portraiture of the Reverend Samuel Gardner an attack on religion.,-0.8016,,,
880,Poetry/Drama,Mrs. Warren's Profession,Many friendly critics are too little skilled in social questions and moral discussions,0.25,,,
881,Poetry/Drama,A Shropshire Lad,"If you are not located in the United States, you will have to check the laws of the country where you are located before using this eBook.",0.4215,,,
882,Poetry/Drama,A Shropshire Lad,"Look left, look right, the hills are bright, The dales are light between, Because 'tis fifty years to-night That God has saved the Queen.",0.7783,,,
883,Poetry/Drama,A Shropshire Lad,"Towns and countries woo together, Forelands beacon, belfries call; Never lad that trod on leather Lived to feast his heart with all.",0.4767,,,
884,Poetry/Drama,A Shropshire Lad,Then you can lie down forlorn; But the lover will be well.,0.8338,,,
885,Poetry/Drama,A Shropshire Lad,"And sharp the link of life will snap, And dead on air will stand Heels that held up as straight a chap As treads upon the land.",-0.5267,,,
886,Poetry/Drama,A Shropshire Lad,His folly has not fellow Beneath the blue of day That gives to man or woman His heart and soul away.,0.0,,,
887,Poetry/Drama,A Shropshire Lad,"Eyes the shady night has shut Cannot see the record cut, And silence sounds no worse than cheers After earth has stopped the ears: Now you will not swell the rout Of lads that wore their honours out, Runners whom renown outran And the name died before the man.",-0.6808,,,
888,Poetry/Drama,A Shropshire Lad,"Quick, and if 'tis work for two, Here am I, man: now's your time.",0.0,,,
889,Poetry/Drama,A Shropshire Lad,"Yes, lad, I lie easy, I lie as lads would choose; I cheer a dead man's sweetheart, Never ask me whose.",0.836,,,
890,Poetry/Drama,A Shropshire Lad,"'Twould blow like this through holt and hanger When Uricon the city stood: 'Tis the old wind in the old anger, But then it threshed another wood.",-0.1531,,,
891,Poetry/Drama,A Shropshire Lad,"XXXV On the idle hill of summer, Sleepy with the flow of streams, Far I hear the steady drummer Drumming like a noise in dreams.",0.6369,,,
892,Poetry/Drama,A Shropshire Lad,"Their voices, dying as they fly, Thick on the wind are sown; The names of men blow soundless by, My fellows' and my own.",0.0,,,
893,Poetry/Drama,A Shropshire Lad,"By blowing realms of woodland With sunstruck vanes afield And cloud-led shadows sailing About the windy weald, By valley-guarded granges And silver waters wide, Content at heart I followed With my delightful guide.",0.5859,,,
894,Poetry/Drama,A Shropshire Lad,"Souls undone, undoing others,- Long time since the tale began.",0.0,,,
895,Poetry/Drama,A Shropshire Lad,"Men loved unkindness then, but lightless in the quarry I slept and saw not; tears fell down, I did not mourn; Sweat ran and blood sprang out and I was never sorry: Then it was well with me, in days ere I was born.",0.8566,,,
896,Poetry/Drama,A Shropshire Lad,I too would be where I am not.,0.0,,,
897,Poetry/Drama,A Shropshire Lad,"""Oh like enough 'tis blood, my dear, For when the knife has slit The throat across from ear to ear 'Twill bleed because of it.""",0.6249,,,
898,Poetry/Drama,A Shropshire Lad,"Lie you easy, dream you light, And sleep you fast for aye; And luckier may you find the night Than ever you found the day.",0.7783,,,
899,Poetry/Drama,A Shropshire Lad,"And faith, 'tis pleasant till 'tis past: The mischief is that 'twill not last.",0.5574,,,
900,Poetry/Drama,A Shropshire Lad,START: FULL LICENSE THE FULL PROJECT GUTENBERG™ LICENSE PLEASE READ THIS BEFORE YOU DISTRIBUTE OR USE THIS WORK To protect the,0.6841,,,
901,Science/Non-fiction,On the Origin of Species By Me,"If you are not located in the United States, you will have to check the laws of the country where you are located before using this eBook.",0.4215,,,
902,Science/Non-fiction,On the Origin of Species By Me,Species of the larger genera in any country vary more than the species of the smaller genera.,0.0,,,
903,Science/Non-fiction,On the Origin of Species By Me,Species of the same genus vary in an analogous manner.,0.0,,,
904,Science/Non-fiction,On the Origin of Species By Me,Parallelism between the effects of changed conditions of life and crossing.,0.0,,,
905,Science/Non-fiction,On the Origin of Species By Me,On the affinities of extinct species to each other and to living species.,0.0,,,
906,Science/Non-fiction,On the Origin of Species By Me,"MORPHOLOGY, between members of the same class, between parts of the same individual.",0.0,,,
907,Science/Non-fiction,On the Origin of Species By Me,"My work is now nearly finished; but as it will take me two or three more years to complete it, and as my health is far from strong, I have been urged to publish this Abstract.",0.6652,,,
908,Science/Non-fiction,On the Origin of Species By Me,"I cannot, however, let this opportunity pass without expressing my deep obligations to Dr. Hooker, who for the last fifteen years has aided me in every possible way by his large stores of knowledge and his excellent judgment.",0.7876,,,
909,Science/Non-fiction,On the Origin of Species By Me,"We shall, however, be enabled to discuss what circumstances are most favourable to variation.",0.0,,,
910,Science/Non-fiction,On the Origin of Species By Me,"There is, also, I think, some probability in the view propounded by Andrew Knight, that this variability may be partly connected with excess of food.",0.0,,,
911,Science/Non-fiction,On the Origin of Species By Me,"In some few such cases it has been found out that very trifling changes, such as a little more or less water at some particular period of growth, will determine whether or not the plant sets a seed.",0.3818,,,
912,Science/Non-fiction,On the Origin of Species By Me,"Habit also has a decided influence, as in the period of flowering with plants when transported from one climate to another.",0.0,,,
913,Science/Non-fiction,On the Origin of Species By Me,"Hence, if man goes on selecting, and thus augmenting, any peculiarity, he will almost certainly unconsciously modify other parts of the structure, owing to the mysterious laws of the correlation of growth.",0.6494,,,
914,Science/Non-fiction,On the Origin of Species By Me,"It is a fact of some little importance to us, that peculiarities appearing in the males of our domestic breeds are often transmitted either exclusively, or in a much greater degree, to males alone.",0.4228,,,
915,Science/Non-fiction,On the Origin of Species By Me,"But there is not a shadow of evidence in favour of this view: to assert that we could not breed our cart and race-horses, long and short-horned cattle, and poultry of various breeds, and esculent vegetables, for an almost infinite number of generations, would be opposed to all experience.",0.597,,,
916,Science/Non-fiction,On the Origin of Species By Me,"It has often been assumed that man has chosen for domestication animals and plants having an extraordinary inherent tendency to vary, and likewise to withstand diverse climates.",0.0,,,
917,Science/Non-fiction,On the Origin of Species By Me,"The doctrine of the origin of our several domestic races from several aboriginal stocks, has been carried to an absurd extreme by some authors.",0.0,,,
918,Science/Non-fiction,On the Origin of Species By Me,"On the Breeds of the Domestic Pigeon .--Believing that it is always best to study some special group, I have, after deliberation, taken up domestic pigeons.",0.7845,,,
919,Science/Non-fiction,On the Origin of Species By Me,"The Jacobin has the feathers so much reversed along the back of the neck that they form a hood, and it has, proportionally to its size, much elongated wing and tail feathers.",0.0,,,
920,Science/Non-fiction,On the Origin of Species By Me,"Altogether at least a score of pigeons might be chosen, which if shown to an ornithologist, and",0.0,,,
921,Science/Non-fiction,"The Descent of Man, and Select","If you are not located in the United States, you will have to check the laws of the country where you are located before using this eBook.",0.4215,,,
922,Science/Non-fiction,"The Descent of Man, and Select","These have been so numerous, that I have been able to use only the more important ones; and of these, as well as of the more important corrections, I will append a list.",0.647,,,
923,Science/Non-fiction,"The Descent of Man, and Select","Nature of the evidence bearing on the origin of man--Homologous structures in man and the lower animals--Miscellaneous points of correspondence--Development--Rudimentary structures, muscles, sense-organs, hair, bones, reproductive organs, etc.--The bearing of these three great classes of facts on the origin of man.",0.4404,,,
924,Science/Non-fiction,"The Descent of Man, and Select","Sexual differences--Law of battle--Special weapons--Vocal organs--Instrumental music--Love-antics and dances--Decorations, permanent and seasonal--Double and single annual moults--Display of ornaments by the males.",0.0,,,
925,Science/Non-fiction,"The Descent of Man, and Select","The greater number accept the agency of natural selection; though some urge, whether with justice the future must decide, that I have greatly overrated its importance.",0.9196,,,
926,Science/Non-fiction,"The Descent of Man, and Select","It has often and confidently been asserted, that man's origin can never be known: but ignorance more frequently begets confidence than does knowledge: it is those who know little, and not those who know much, who so positively assert that this or that problem will never be solved by science.",0.7117,,,
927,Science/Non-fiction,"The Descent of Man, and Select","During many years it has seemed to me highly probable that sexual selection has played an important part in differentiating the races of man; but in my 'Origin of Species' (first edition, page 199) I contented myself by merely alluding to this belief.",0.6369,,,
928,Science/Non-fiction,"The Descent of Man, and Select","Again, are the variations the result, as far as our ignorance permits us to judge, of the same general causes, and are they governed by the same general laws, as in the case of other organisms; for instance, by correlation, the inherited effects of use and disuse, etc.?",-0.3612,,,
929,Science/Non-fiction,"The Descent of Man, and Select","The conclusions of this author, as well as those of Gratiolet and Aeby, concerning the brain, will be discussed by Prof. Huxley in the Appendix alluded to in the Preface to this edition.",0.2732,,,
930,Science/Non-fiction,"The Descent of Man, and Select","of their tissues and blood, both in minute structure and composition, far more plainly than does their comparison under the best microscope, or by the aid of the best chemical analysis.",0.8555,,,
931,Science/Non-fiction,"The Descent of Man, and Select","An American monkey, an Ateles, after getting drunk on brandy, would never touch it again, and thus was wiser than many men.",-0.0516,,,
932,Science/Non-fiction,"The Descent of Man, and Select",Sir Andrew Smith et Brehm notabant idem in Cynocephalo.,0.0,,,
933,Science/Non-fiction,"The Descent of Man, and Select","Man is developed from an ovule, about the 125th of an inch in diameter, which differs in no respect from the ovules of other animals.",0.2263,,,
934,Science/Non-fiction,"The Descent of Man, and Select","After the foregoing statements made by such high authorities, it would be superfluous on my part to give a number of borrowed details, shewing that the embryo of man closely resembles that of other mammals.",0.0772,,,
935,Science/Non-fiction,"The Descent of Man, and Select","This subject, though not intrinsically more important than the two last, will for several reasons be treated here more fully.",-0.2044,,,
936,Science/Non-fiction,"The Descent of Man, and Select","In some cases, organs have been reduced by means of natural selection, from having become injurious to the species under changed habits of life.",0.3612,,,
937,Science/Non-fiction,"The Descent of Man, and Select","); and not a few muscles, which are regularly present in some of the lower animals can occasionally be detected in man in a greatly reduced condition.",-0.296,,,
938,Science/Non-fiction,"The Descent of Man, and Select","This distant cousin resides in another part of France; and on being asked whether he possessed the same faculty, immediately exhibited his power.",0.0,,,
939,Science/Non-fiction,"The Descent of Man, and Select","), after collecting all the known evidence on this head, concludes that the external shell is of no distinct use.",-0.296,,,
940,Science/Non-fiction,"The Descent of Man, and Select","His attention was first called to the subject whilst at work on his figure of Puck, to which he",0.0,,,
941,Science/Non-fiction,The Natural History of Selborn,"If you are not located in the United States, you will have to check the laws of the country where you are located before using this eBook.",0.4215,,,
942,Science/Non-fiction,The Natural History of Selborn,"Nor be the parsonage by the Muse forgot -- The partial bard admires his native spot; Smit with its beauties, loved, as yet a child, Unconscious why, its capes, grotesque and wild.",0.8689,,,
943,Science/Non-fiction,The Natural History of Selborn,"Return, dear nymphs; prevent the purple spring, Ere the soft nightingale essays to sing; Ere the first swallow sweeps the fresh'ning plain, Ere love-sick turtles breathe their amorous pain; Let festive glee th' enliven'd village raise, Pan's blameless reign, and patriarchal days; With pastoral dance the smitten swain surprise, And bring all Arcady before our eyes.",0.9042,,,
944,Science/Non-fiction,The Natural History of Selborn,"Push'd by the weightier atmosphere, up springs The ponderous mercury, from scale to scale Mounting, amidst the Torricellian tube.",0.0,,,
945,Science/Non-fiction,The Natural History of Selborn,"To that gentleman also, and his assistant, whose labours and attention could only be equalled by the very kind manner in which they were bestowed, many and great obligations are also due.",0.8313,,,
946,Science/Non-fiction,The Natural History of Selborn,"At the foot of this hill, one stage or step from the uplands, lies the village, which consists of one single straggling street, three-quarters of a mile in length, in a sheltered vale, and running parallel with the Hanger.",-0.4215,,,
947,Science/Non-fiction,The Natural History of Selborn,"Our wells, at an average, run to about sixty-three feet, and when sunk to that depth seldom fail; but produce a fine limpid water, soft to the taste, and much commended by those who drink the pure element, but which does not lather well with soap.",0.7394,,,
948,Science/Non-fiction,The Natural History of Selborn,"Long might it have stood, had not the amazing tempest in 1703 overturned it at once, to the infinite regret of the inhabitants, and the vicar, who bestowed several pounds in setting it in its place again; but all his care could not avail; the tree sprouted for a time, then withered and died.",-0.5478,,,
949,Science/Non-fiction,The Natural History of Selborn,"So the ravens built on, nest upon nest, in perfect security, till the fatal day arrived in which the wood was to be levelled.",0.3818,,,
950,Science/Non-fiction,The Natural History of Selborn,"The curious foldings of the suture, the one into the other, the alternate flutings or grooves, and the curved form of my specimen being much easier expressed by the pencil than by words, I have caused it to be drawn and engraved.",0.6249,,,
951,Science/Non-fiction,The Natural History of Selborn,"It is a freestone, cutting in all directions; yet has something of a grain parallel with the horizon, and therefore should not be surbedded, but laid in the same position as it grows in the quarry.",-0.0644,,,
952,Science/Non-fiction,The Natural History of Selborn,"This is generally of the colour of rusty iron, and might probably be worked as iron ore; is very hard and heavy, and of a firm, compact texture, and composed of a small roundish crystalline grit, cemented together by a brown, terrene, ferruginous matter; will not cut without difficulty, nor easily strike fire with steel.",0.3873,,,
953,Science/Non-fiction,The Natural History of Selborn,"The village stands in a sheltered spot, secured by the Hanger from the strong westerly winds.",0.7184,,,
954,Science/Non-fiction,The Natural History of Selborn,"Besides the employment from husbandry the men work in hop gardens, of which we have many; and fell and bark timber.",0.0,,,
955,Science/Non-fiction,The Natural History of Selborn,"Twins thirteen times, many of whom dying young have lessened the chance for life.",0.25,,,
956,Science/Non-fiction,The Natural History of Selborn,"Nor does this seem to be a fanciful notion, but consistent with true philosophy.",0.5719,,,
957,Science/Non-fiction,The Natural History of Selborn,"There is an old keeper, now alive, named Adams, whose great-grandfather (mentioned in a perambulation taken in 1635), grandfather, father, and self, enjoyed the head keepership of Wolmer-forest in succession for more than an hundred years.",0.7717,,,
958,Science/Non-fiction,The Natural History of Selborn,"The temptation is irresistible; for most men are sportsmen by constitution: and there is such an inherent spirit for hunting in human nature, as scarce any inhibitions can restrain.",0.3182,,,
959,Science/Non-fiction,The Natural History of Selborn,* For the privilege the owner of that estate used to pay to the king annually seven bushels of oats.,0.2732,,,
960,Science/Non-fiction,The Natural History of Selborn,"For, to say nothing on the farther side, with which I am not so well acquainted, the bounds on this side, in old times, came into Binswood; and extended to the ditch of Ward le Ham park, in which stands the curious mount called King John's Hill, and Lodge Hill; and to the ver",0.003,,,
961,Science/Non-fiction,Flatland A Romance of Many Di,"If you are not located in the United States, you will have to check the laws of the country where you are located before using this eBook.",0.4215,,,
962,Science/Non-fiction,Flatland A Romance of Many Di,"Dimension implies direction, implies measurement, implies the more and the less.",0.0,,,
963,Science/Non-fiction,Flatland A Romance of Many Di,"Alas, how strong a family likeness runs through blind and persecuting humanity in all Dimensions!",-0.5093,,,
964,Science/Non-fiction,Flatland A Romance of Many Di,Of the Climate and Houses in Flatland 3.,0.0,,,
965,Science/Non-fiction,Flatland A Romance of Many Di,"How I tried to teach the Theory of Three Dimensions to my Grandson, and with what success 22.",0.5719,,,
966,Science/Non-fiction,Flatland A Romance of Many Di,Take for example an equilateral Triangle--who represents with us a Tradesman of the respectable class.,0.4404,,,
967,Science/Non-fiction,Flatland A Romance of Many Di,"There being no sun nor other heavenly bodies, it is impossible for us to determine the North in the usual way; but we have a method of our own.",-0.4039,,,
968,Science/Non-fiction,Flatland A Romance of Many Di,"The most common form for the construction of a house is five-sided or pentagonal, as in the annexed figure.",0.0,,,
969,Science/Non-fiction,Flatland A Romance of Many Di,"With us, as with you, these Triangles are distinguished from others by being called Isosceles; and by this name I shall refer to them in the following pages.",0.0,,,
970,Science/Non-fiction,Flatland A Romance of Many Di,"For, after a long series of military successes, or diligent and skilful labours, it is generally found that the more intelligent among the Artisan and Soldier classes manifest a slight increase of their third side or base, and a shrinkage of the two other sides.",0.8479,,,
971,Science/Non-fiction,Flatland A Romance of Many Di,"But a wise ordinance of Nature has decreed that, in proportion as the working-classes increase in intelligence, knowledge, and all virtue, in that same proportion their acute angle (which makes them physically terrible) shall increase also and approximate to the comparatively harmless angle of the Equilateral Triangle.",0.9657,,,
972,Science/Non-fiction,Flatland A Romance of Many Di,"However, a few words will make it clear to the most unreflecting.",0.3818,,,
973,Science/Non-fiction,Flatland A Romance of Many Di,"But it has been found by the wisest of our Circles or Statesmen that the multiplication of restrictions on Females tends not only to the debilitation and diminution of the race, but also to the increase of domestic murders to such an extent that a State loses more than it gains by a too prohibitive Code.",0.2836,,,
974,Science/Non-fiction,Flatland A Romance of Many Di,"But unfortunately the passion of the moment predominates, in the Frail Sex, over every other consideration.",0.2263,,,
975,Science/Non-fiction,Flatland A Romance of Many Di,Yet even in our best regulated and most approximately Circular families I cannot say that the ideal of family life is so high as with you in Spaceland.,0.8225,,,
976,Science/Non-fiction,Flatland A Romance of Many Di,"But as we ascend in the social scale, the process of discriminating and being discriminated by hearing increases in difficulty, partly because voices are assimilated, partly because the faculty of voice-discrimination is a plebeian virtue not much developed among the Aristocracy.",0.1531,,,
977,Science/Non-fiction,Flatland A Romance of Many Di,Even a Master of Arts in our University of Wentbridge has been known to confuse a ten-sided with a twelve-sided Polygon; and there is hardly a Doctor of Science in or out of that famous University who could pretend to decide promptly and unhesitatingly between a twenty-sided and a twenty-four sided member of the Aristocracy.,-0.3182,,,
978,Science/Non-fiction,Flatland A Romance of Many Di,"At this point I think I hear some of my better educated readers exclaim, ""How could you in Flatland know anything about angles and degrees, or minutes?",0.4404,,,
979,Science/Non-fiction,Flatland A Romance of Many Di,But I must not allow questions of School Board politics to divert me from my subject.,-0.2498,,,
980,Science/Non-fiction,Flatland A Romance of Many Di,An instance will do more than a volume of generalit,0.0,,,
981,Science/Non-fiction,Insectivorous Plants,"If you are not located in the United States, you will have to check the laws of the country where you are located before using this eBook.",0.4215,,,
982,Science/Non-fiction,Insectivorous Plants,"Nature of the experiments--Effects of boiling water--Warm water causes rapid inflection-- Water at a higher temperature does not cause immediate inflection, but does not kill the leaves, as shown by their subsequent re-expansion and by the aggregation of the protoplasm-- A still higher temperature kills the leaves and coagulates the albuminous contents of the glands.",0.0918,,,
983,Science/Non-fiction,Insectivorous Plants,DROSOPHYLLUM--RORIDULA--BYBLIS--GLANDULAR HAIRS OF OTHER PLANTS-- CONCLUDING REMARKS ON THE DROSERACEÆ.,0.0,,,
984,Science/Non-fiction,Insectivorous Plants,"Zeitung' for 1860 and 1861 are by far the most important ones which have been published, both on the habits and structure of this plant; and I shall frequently have occasion to quote from them.",0.2716,,,
985,Science/Non-fiction,Insectivorous Plants,On one plant all six leaves had caught their prey; and on several plants very many leaves had caught more than a single insect.,0.0,,,
986,Science/Non-fiction,Insectivorous Plants,"The shape and general appearance of a leaf is shown, as seen from above, in fig.",0.0,,,
987,Science/Non-fiction,Insectivorous Plants,"The pedicel is somewhat flattened, and is formed of several rows of elongated cells, filled with purple fluid or granular matter.",0.0258,,,
988,Science/Non-fiction,Insectivorous Plants,"[page 6] part, which alone is capable of movement, consists of a prolongation of the leaf; the spiral vessels being extended from this to the uppermost part.",0.1531,,,
989,Science/Non-fiction,Insectivorous Plants,Their development has been described by Dr. Warming.,0.1531,,,
990,Science/Non-fiction,Insectivorous Plants,"The petioles bear many multicellular hairs, some of which near the blade are surmounted, according to Nitschke, by a few rounded cells, which appear to be rudimentary glands.",0.0,,,
991,Science/Non-fiction,Insectivorous Plants,This takes place in from one hour to four or five or more hours.,0.0,,,
992,Science/Non-fiction,Insectivorous Plants,"4), excepting those near the centre, which remain upright; but these bend towards any exciting object placed on one side of the disc, as shown in fig.",0.6486,,,
993,Science/Non-fiction,Insectivorous Plants,The manner in which it bends varies greatly.,0.0,,,
994,Science/Non-fiction,Insectivorous Plants,"Immersion in many acids (of the strength of one part to 437 of water) likewise causes a wonderful amount of [page 14] secretion, so that when the leaves are lifted out, long ropes of extremely viscid fluid hang from them.",0.7845,,,
995,Science/Non-fiction,Insectivorous Plants,"The bit on the moss swarmed with infusoria, and was so much decayed that the transverse striae on the muscular fibres could no longer be clearly distinguished; whilst the bit on the leaf, which was bathed by the secretion, was free from infusoria, and its striae were perfectly distinct in the central and undissolved portion.",0.7287,,,
996,Science/Non-fiction,Insectivorous Plants,"Whether insects alight on the leaves by mere chance, as a resting place, or are attracted by the odour of the secretion, I know not.",0.5859,,,
997,Science/Non-fiction,Insectivorous Plants,"But, differently from an animal, it drinks by means of its roots; and it must drink largely, so as to retain many drops of viscid fluid round the glands, sometimes as many as 260, exposed during the whole day to a glaring sun.",-0.1154,,,
998,Science/Non-fiction,Insectivorous Plants,In all the following cases the period is reckoned from the time of first irritation.,-0.5106,,,
999,Science/Non-fiction,Insectivorous Plants,"If young and active leaves are selected, inorganic particles not larger than the head of a small pin, placed on the central glands, sometimes cause the [page 22] outer tentacles to bend inwards.",0.4019,,,
1000,Science/Non-fiction,Insectivorous Plants,; the tentacles remaining inflected for many subsequent days.,0.0,,,
