title,rank,keyword,tfidf_score
Carmilla,1,vampire,0.096577
Carmilla,2,mademoiselle,0.085288
Carmilla,3,countess,0.071254
Carmilla,4,madame,0.067379
Carmilla,5,chateau,0.064532
Carmilla,6,stories,0.06312
Carmilla,7,papa,0.060728
Carmilla,8,young lady,0.056834
Carmilla,9,dear child,0.053214
Carmilla,10,baron,0.053214
Carmilla,11,chapel,0.0524
Carmilla,12,hunchback,0.050294
Carmilla,13,bertha,0.050294
Carmilla,14,say father,0.050237
Carmilla,15,mamma,0.049155
Carmilla,16,dressing room,0.049155
Carmilla,17,ladyship,0.04851
Carmilla,18,foot bed,0.04807
Carmilla,19,poor girl,0.045945
Carmilla,20,engaging,0.045093
The First Men in the Moon,1,selenite,0.083628
The First Men in the Moon,2,lunar,0.075688
The First Men in the Moon,3,bedford,0.07131
The First Men in the Moon,4,manhole,0.0636
The First Men in the Moon,5,bungalow,0.059487
The First Men in the Moon,6,oo,0.055796
The First Men in the Moon,7,crater,0.054794
The First Men in the Moon,8,fungus,0.051589
The First Men in the Moon,9,crowbar,0.051326
The First Men in the Moon,10,sphere,0.049392
The First Men in the Moon,11,carbonic,0.04689
The First Men in the Moon,12,carbonic acid,0.04689
The First Men in the Moon,13,tentacle,0.046888
The First Men in the Moon,14,helium,0.046505
The First Men in the Moon,15,oxygen,0.045713
The First Men in the Moon,16,cavern,0.043251
The First Men in the Moon,17,terrestrial,0.042783
The First Men in the Moon,18,gravitation,0.042538
The First Men in the Moon,19,goad,0.041096
The First Men in the Moon,20,grating,0.040847
The Cask of Amontillado,1,ugh,0.16817
The Cask of Amontillado,2,cask,0.164706
The Cask of Amontillado,3,allan,0.152037
The Cask of Amontillado,4,tier,0.148429
The Cask of Amontillado,5,mason,0.140785
The Cask of Amontillado,6,jingle,0.117915
The Cask of Amontillado,7,vault,0.116311
The Cask of Amontillado,8,recess,0.116311
The Cask of Amontillado,9,hearken,0.111621
The Cask of Amontillado,10,sherry,0.111621
The Cask of Amontillado,11,intoxication,0.107305
The Cask of Amontillado,12,granite,0.103421
The Cask of Amontillado,13,reply,0.090827
The Cask of Amontillado,14,wine,0.088243
The Cask of Amontillado,15,cough,0.087433
The Cask of Amontillado,16,bone,0.08554
The Cask of Amontillado,17,torch,0.082504
The Cask of Amontillado,18,wall,0.080928
The Cask of Amontillado,19,parti,0.075903
The Cask of Amontillado,20,damp,0.075412
"Lives of the English Poets / From Johnson to Kirke White, Designed as a Continuation of Johnson's Lives",1,goldsmith,0.061759
"Lives of the English Poets / From Johnson to Kirke White, Designed as a Continuation of Johnson's Lives",2,ode,0.060878
"Lives of the English Poets / From Johnson to Kirke White, Designed as a Continuation of Johnson's Lives",3,johnson,0.059193
"Lives of the English Poets / From Johnson to Kirke White, Designed as a Continuation of Johnson's Lives",4,shew,0.058192
"Lives of the English Poets / From Johnson to Kirke White, Designed as a Continuation of Johnson's Lives",5,bookseller,0.056303
"Lives of the English Poets / From Johnson to Kirke White, Designed as a Continuation of Johnson's Lives",6,boswell,0.055489
"Lives of the English Poets / From Johnson to Kirke White, Designed as a Continuation of Johnson's Lives",7,seward,0.052484
"Lives of the English Poets / From Johnson to Kirke White, Designed as a Continuation of Johnson's Lives",8,walpole,0.049512
"Lives of the English Poets / From Johnson to Kirke White, Designed as a Continuation of Johnson's Lives",9,reynolds,0.047587
"Lives of the English Poets / From Johnson to Kirke White, Designed as a Continuation of Johnson's Lives",10,armstrong,0.046303
"Lives of the English Poets / From Johnson to Kirke White, Designed as a Continuation of Johnson's Lives",11,milton,0.045573
"Lives of the English Poets / From Johnson to Kirke White, Designed as a Continuation of Johnson's Lives",12,epistle,0.044388
"Lives of the English Poets / From Johnson to Kirke White, Designed as a Continuation of Johnson's Lives",13,burke,0.044388
"Lives of the English Poets / From Johnson to Kirke White, Designed as a Continuation of Johnson's Lives",14,hawkins,0.043122
"Lives of the English Poets / From Johnson to Kirke White, Designed as a Continuation of Johnson's Lives",15,poem,0.041733
"Lives of the English Poets / From Johnson to Kirke White, Designed as a Continuation of Johnson's Lives",16,pope,0.040598
"Lives of the English Poets / From Johnson to Kirke White, Designed as a Continuation of Johnson's Lives",17,chichester,0.040431
"Lives of the English Poets / From Johnson to Kirke White, Designed as a Continuation of Johnson's Lives",18,mason,0.040213
"Lives of the English Poets / From Johnson to Kirke White, Designed as a Continuation of Johnson's Lives",19,poetical,0.039442
"Lives of the English Poets / From Johnson to Kirke White, Designed as a Continuation of Johnson's Lives",20,earl,0.039419
Dead Souls,1,platon,0.065394
Dead Souls,2,dead soul,0.063197
Dead Souls,3,verst,0.060129
Dead Souls,4,ivan,0.054931
Dead Souls,5,landowner,0.052047
Dead Souls,6,constantine,0.049917
Dead Souls,7,petersburg,0.049431
Dead Souls,8,serfs,0.048006
Dead Souls,9,public prosecutor,0.047651
Dead Souls,10,gogol,0.047651
Dead Souls,11,souls,0.046699
Dead Souls,12,prosecutor,0.044152
Dead Souls,13,serf,0.043729
Dead Souls,14,chief police,0.043661
Dead Souls,15,governor general,0.043181
Dead Souls,16,gendarme,0.041931
Dead Souls,17,excellency,0.04184
Dead Souls,18,moscow,0.039523
Dead Souls,19,muzhik,0.039155
Dead Souls,20,bailiff,0.038357
Mrs. Warren's Profession,1,rev,0.120985
Mrs. Warren's Profession,2,warren,0.115906
Mrs. Warren's Profession,3,mrs,0.105613
Mrs. Warren's Profession,4,sir george,0.089181
Mrs. Warren's Profession,5,croft,0.087688
Mrs. Warren's Profession,6,shew,0.073419
Mrs. Warren's Profession,7,mr,0.070768
Mrs. Warren's Profession,8,goodbye,0.070351
Mrs. Warren's Profession,9,tolstoy,0.063431
Mrs. Warren's Profession,10,duenna,0.062435
Mrs. Warren's Profession,11,kitty,0.06206
Mrs. Warren's Profession,12,frank,0.060429
Mrs. Warren's Profession,13,shilling week,0.059621
Mrs. Warren's Profession,14,ve,0.058712
Mrs. Warren's Profession,15,censor,0.054948
Mrs. Warren's Profession,16,sam,0.053653
Mrs. Warren's Profession,17,iris,0.050173
Mrs. Warren's Profession,18,way life,0.04907
Mrs. Warren's Profession,19,ibsen,0.049035
Mrs. Warren's Profession,20,critic,0.048283
"The Country of the Blind, and Other Stories",1,holroyd,0.065908
"The Country of the Blind, and Other Stories",2,wedderburn,0.062692
"The Country of the Blind, and Other Stories",3,hapley,0.062178
"The Country of the Blind, and Other Stories",4,azuma zi,0.056719
"The Country of the Blind, and Other Stories",5,azuma,0.056719
"The Country of the Blind, and Other Stories",6,zi,0.056719
"The Country of the Blind, and Other Stories",7,nunez,0.056438
"The Country of the Blind, and Other Stories",8,pawkins,0.056151
"The Country of the Blind, and Other Stories",9,fanny,0.053125
"The Country of the Blind, and Other Stories",10,snooks,0.052821
"The Country of the Blind, and Other Stories",11,jennie,0.04469
"The Country of the Blind, and Other Stories",12,davidson,0.044568
"The Country of the Blind, and Other Stories",13,dynamo,0.043482
"The Country of the Blind, and Other Stories",14,woodhouse,0.043453
"The Country of the Blind, and Other Stories",15,bacteriologist,0.043453
"The Country of the Blind, and Other Stories",16,say evans,0.043351
"The Country of the Blind, and Other Stories",17,evans,0.042319
"The Country of the Blind, and Other Stories",18,hooker,0.041585
"The Country of the Blind, and Other Stories",19,say jane,0.040605
"The Country of the Blind, and Other Stories",20,dynamos,0.039963
"On the Origin of Species By Means of Natural Selection / Or, the Preservation of Favoured Races in the Struggle for Life",1,natural selection,0.064494
"On the Origin of Species By Means of Natural Selection / Or, the Preservation of Favoured Races in the Struggle for Life",2,variety specie,0.06427
"On the Origin of Species By Means of Natural Selection / Or, the Preservation of Favoured Races in the Struggle for Life",3,hybrid,0.061468
"On the Origin of Species By Means of Natural Selection / Or, the Preservation of Favoured Races in the Struggle for Life",4,specie genus,0.058733
"On the Origin of Species By Means of Natural Selection / Or, the Preservation of Favoured Races in the Struggle for Life",5,oceanic,0.058213
"On the Origin of Species By Means of Natural Selection / Or, the Preservation of Favoured Races in the Struggle for Life",6,silurian,0.058213
"On the Origin of Species By Means of Natural Selection / Or, the Preservation of Favoured Races in the Struggle for Life",7,organic being,0.057943
"On the Origin of Species By Means of Natural Selection / Or, the Preservation of Favoured Races in the Struggle for Life",8,large genera,0.057855
"On the Origin of Species By Means of Natural Selection / Or, the Preservation of Favoured Races in the Struggle for Life",9,intermediate variety,0.057855
"On the Origin of Species By Means of Natural Selection / Or, the Preservation of Favoured Races in the Struggle for Life",10,sterility,0.057791
"On the Origin of Species By Means of Natural Selection / Or, the Preservation of Favoured Races in the Struggle for Life",11,group specie,0.0575
"On the Origin of Species By Means of Natural Selection / Or, the Preservation of Favoured Races in the Struggle for Life",12,reproductive system,0.057108
"On the Origin of Species By Means of Natural Selection / Or, the Preservation of Favoured Races in the Struggle for Life",13,gärtner,0.057108
"On the Origin of Species By Means of Natural Selection / Or, the Preservation of Favoured Races in the Struggle for Life",14,oceanic island,0.056314
"On the Origin of Species By Means of Natural Selection / Or, the Preservation of Favoured Races in the Struggle for Life",15,ally specie,0.05613
"On the Origin of Species By Means of Natural Selection / Or, the Preservation of Favoured Races in the Struggle for Life",16,modify descendant,0.055897
"On the Origin of Species By Means of Natural Selection / Or, the Preservation of Favoured Races in the Struggle for Life",17,glacial period,0.055836
"On the Origin of Species By Means of Natural Selection / Or, the Preservation of Favoured Races in the Struggle for Life",18,specie group,0.055836
"On the Origin of Species By Means of Natural Selection / Or, the Preservation of Favoured Races in the Struggle for Life",19,genera,0.0553
"On the Origin of Species By Means of Natural Selection / Or, the Preservation of Favoured Races in the Struggle for Life",20,distinct specie,0.055262
Cyrano de Bergerac,1,duenna,0.118699
Cyrano de Bergerac,2,lise,0.108361
Cyrano de Bergerac,3,cadet,0.099025
Cyrano de Bergerac,4,scene scene,0.090045
Cyrano de Bergerac,5,carbon,0.089063
Cyrano de Bergerac,6,viscount,0.082759
Cyrano de Bergerac,7,friar,0.08275
Cyrano de Bergerac,8,burgher,0.082381
Cyrano de Bergerac,9,martha,0.080594
Cyrano de Bergerac,10,ay,0.074537
Cyrano de Bergerac,11,claire,0.072075
Cyrano de Bergerac,12,lackey,0.072075
Cyrano de Bergerac,13,pastry,0.071908
Cyrano de Bergerac,14,marquis,0.068952
Cyrano de Bergerac,15,pickpocket,0.066803
Cyrano de Bergerac,16,tis,0.066102
Cyrano de Bergerac,17,le,0.063613
Cyrano de Bergerac,18,doublet,0.062128
Cyrano de Bergerac,19,christian,0.061358
Cyrano de Bergerac,20,porte de,0.060237
The Wheels of Chance: A Bicycling Idyll,1,phipps,0.101949
The Wheels of Chance: A Bicycling Idyll,2,jessie,0.096321
The Wheels of Chance: A Bicycling Idyll,3,man brown,0.096098
The Wheels of Chance: A Bicycling Idyll,4,widgery,0.095865
The Wheels of Chance: A Bicycling Idyll,5,chichester,0.076172
The Wheels of Chance: A Bicycling Idyll,6,milton,0.071504
The Wheels of Chance: A Bicycling Idyll,7,stepmother,0.064071
The Wheels of Chance: A Bicycling Idyll,8,cyclist,0.06297
The Wheels of Chance: A Bicycling Idyll,9,beaumont,0.061004
The Wheels of Chance: A Bicycling Idyll,10,bicycle,0.060781
The Wheels of Chance: A Bicycling Idyll,11,ostler,0.055135
The Wheels of Chance: A Bicycling Idyll,12,charlie,0.054809
The Wheels of Chance: A Bicycling Idyll,13,draper,0.054099
The Wheels of Chance: A Bicycling Idyll,14,gaiter,0.049678
The Wheels of Chance: A Bicycling Idyll,15,dangle,0.04808
The Wheels of Chance: A Bicycling Idyll,16,dismount,0.047072
The Wheels of Chance: A Bicycling Idyll,17,stephen,0.046682
The Wheels of Chance: A Bicycling Idyll,18,heath,0.045606
The Wheels of Chance: A Bicycling Idyll,19,bloomin,0.044699
The Wheels of Chance: A Bicycling Idyll,20,gelatine,0.043555
The Mysterious Island,1,harding,0.097723
The Mysterious Island,2,gideon,0.084753
The Mysterious Island,3,cyrus,0.082447
The Mysterious Island,4,chimneys,0.074053
The Mysterious Island,5,say herbert,0.066097
The Mysterious Island,6,reply sailor,0.064352
The Mysterious Island,7,corral,0.06424
The Mysterious Island,8,colonist,0.060894
The Mysterious Island,9,say engineer,0.060577
The Mysterious Island,10,herbert,0.055652
The Mysterious Island,11,settler,0.055504
The Mysterious Island,12,heights,0.054439
The Mysterious Island,13,islet,0.053949
The Mysterious Island,14,left bank,0.052625
The Mysterious Island,15,engineer,0.051972
The Mysterious Island,16,brig,0.051683
The Mysterious Island,17,granite,0.051353
The Mysterious Island,18,castaway,0.051239
The Mysterious Island,19,sulphate,0.050692
The Mysterious Island,20,reporter,0.049533
The Stolen Bacillus and Other Incidents,1,hapley,0.109053
The Stolen Bacillus and Other Incidents,2,azuma zi,0.09976
The Stolen Bacillus and Other Incidents,3,zi,0.09976
The Stolen Bacillus and Other Incidents,4,azuma,0.09976
The Stolen Bacillus and Other Incidents,5,pawkins,0.098245
The Stolen Bacillus and Other Incidents,6,holroyd,0.09717
The Stolen Bacillus and Other Incidents,7,bailey,0.096499
The Stolen Bacillus and Other Incidents,8,watkins,0.086889
The Stolen Bacillus and Other Incidents,9,davidson,0.07839
The Stolen Bacillus and Other Incidents,10,wedderburn,0.077694
The Stolen Bacillus and Other Incidents,11,hooker,0.076929
The Stolen Bacillus and Other Incidents,12,dynamo,0.076479
The Stolen Bacillus and Other Incidents,13,bacteriologist,0.076428
The Stolen Bacillus and Other Incidents,14,woodhouse,0.076428
The Stolen Bacillus and Other Incidents,15,say evans,0.076248
The Stolen Bacillus and Other Incidents,16,evans,0.074433
The Stolen Bacillus and Other Incidents,17,dynamos,0.071418
The Stolen Bacillus and Other Incidents,18,canoe,0.062309
The Stolen Bacillus and Other Incidents,19,orchid,0.058286
The Stolen Bacillus and Other Incidents,20,observatory,0.057685
The Square Root of 2,1,jerry,0.52316
The Square Root of 2,2,robert,0.299912
The Square Root of 2,3,center,0.289717
The Square Root of 2,4,site,0.270679
The Square Root of 2,5,ak,0.246009
The Square Root of 2,6,root,0.194054
The Square Root of 2,7,million,0.177231
The Square Root of 2,8,square,0.175305
The Square Root of 2,9,gregory,0.172045
The Square Root of 2,10,flight,0.162803
The Square Root of 2,11,space,0.160894
The Square Root of 2,12,executive,0.156697
The Square Root of 2,13,mason,0.137334
The Square Root of 2,14,north west,0.130793
The Square Root of 2,15,director,0.124967
The Square Root of 2,16,specific,0.118073
The Square Root of 2,17,guarantee,0.11648
The Square Root of 2,18,accuracy,0.10916
The Square Root of 2,19,thirty year,0.107809
The Square Root of 2,20,correspondence,0.102724
The Waste Land,1,cf,0.171906
The Waste Land,2,vos,0.116676
The Waste Land,3,und,0.10175
The Waste Land,4,chess,0.097507
The Waste Land,5,schon,0.095095
The Waste Land,6,jug,0.091035
The Waste Land,7,carthage,0.086176
The Waste Land,8,albert,0.084433
The Waste Land,9,thames,0.084433
The Waste Land,10,der,0.081824
The Waste Land,11,poem,0.081365
The Waste Land,12,currant,0.080072
The Waste Land,13,da,0.076861
The Waste Land,14,ist,0.07494
The Waste Land,15,insurance,0.073988
The Waste Land,16,burial,0.072658
The Waste Land,17,ta,0.070929
The Waste Land,18,divan,0.069169
The Waste Land,19,thrush,0.069169
The Waste Land,20,barge,0.069017
Twenty Years at Hull House; with Autobiographical Notes,1,writers,0.067876
Twenty Years at Hull House; with Autobiographical Notes,2,hull,0.059417
Twenty Years at Hull House; with Autobiographical Notes,3,halsted,0.057842
Twenty Years at Hull House; with Autobiographical Notes,4,federation,0.054134
Twenty Years at Hull House; with Autobiographical Notes,5,tolstoy,0.053149
Twenty Years at Hull House; with Autobiographical Notes,6,chicago,0.052944
Twenty Years at Hull House; with Autobiographical Notes,7,illinois,0.050926
Twenty Years at Hull House; with Autobiographical Notes,8,immigrant,0.049322
Twenty Years at Hull House; with Autobiographical Notes,9,legislation,0.047004
Twenty Years at Hull House; with Autobiographical Notes,10,resident,0.046633
Twenty Years at Hull House; with Autobiographical Notes,11,cooperation,0.046607
Twenty Years at Hull House; with Autobiographical Notes,12,workingman,0.046094
Twenty Years at Hull House; with Autobiographical Notes,13,autobiographical,0.046071
Twenty Years at Hull House; with Autobiographical Notes,14,cooperative,0.045968
Twenty Years at Hull House; with Autobiographical Notes,15,juvenile,0.045949
Twenty Years at Hull House; with Autobiographical Notes,16,starr,0.044858
Twenty Years at Hull House; with Autobiographical Notes,17,celebration,0.044523
Twenty Years at Hull House; with Autobiographical Notes,18,macmillan,0.043495
Twenty Years at Hull House; with Autobiographical Notes,19,alderman,0.042999
Twenty Years at Hull House; with Autobiographical Notes,20,settlement,0.042917
The Eighteenth Brumaire of Louis Bonaparte,1,national assembly,0.119368
The Eighteenth Brumaire of Louis Bonaparte,2,party order,0.116244
The Eighteenth Brumaire of Louis Bonaparte,3,bonaparte,0.105566
The Eighteenth Brumaire of Louis Bonaparte,4,bourgeoisie,0.096686
The Eighteenth Brumaire of Louis Bonaparte,5,royalist,0.092314
The Eighteenth Brumaire of Louis Bonaparte,6,parliamentary,0.088862
The Eighteenth Brumaire of Louis Bonaparte,7,bourgeois,0.083479
The Eighteenth Brumaire of Louis Bonaparte,8,republicans,0.082905
The Eighteenth Brumaire of Louis Bonaparte,9,executive power,0.081427
The Eighteenth Brumaire of Louis Bonaparte,10,proletariat,0.07566
The Eighteenth Brumaire of Louis Bonaparte,11,louis philippe,0.075129
The Eighteenth Brumaire of Louis Bonaparte,12,monarchy,0.074029
The Eighteenth Brumaire of Louis Bonaparte,13,allotment,0.073097
The Eighteenth Brumaire of Louis Bonaparte,14,legislative,0.068086
The Eighteenth Brumaire of Louis Bonaparte,15,assembly,0.067809
The Eighteenth Brumaire of Louis Bonaparte,16,executive,0.067623
The Eighteenth Brumaire of Louis Bonaparte,17,philippe,0.067354
The Eighteenth Brumaire of Louis Bonaparte,18,republican,0.067061
The Eighteenth Brumaire of Louis Bonaparte,19,ministers,0.06494
The Eighteenth Brumaire of Louis Bonaparte,20,ministry,0.06459
The Lost World,1,challenger,0.108255
The Lost World,2,malone,0.074171
The Lost World,3,gladys,0.071408
The Lost World,4,ape man,0.067367
The Lost World,5,plateau,0.057078
The Lost World,6,half breed,0.052806
The Lost World,7,para,0.052525
The Lost World,8,say professor,0.051413
The Lost World,9,say lord,0.048727
The Lost World,10,canoe,0.047591
The Lost World,11,maple,0.045672
The Lost World,12,brushwood,0.044389
The Lost World,13,esmeralda,0.04376
The Lost World,14,bamboo,0.043343
The Lost World,15,shot gun,0.042427
The Lost World,16,ape,0.042285
The Lost World,17,zoological,0.042244
The Lost World,18,chairman,0.042092
The Lost World,19,lecturer,0.041447
The Lost World,20,south america,0.040848
"The Jimmyjohn Boss, and Other Stories",1,cutler,0.094752
"The Jimmyjohn Boss, and Other Stories",2,yu,0.092148
"The Jimmyjohn Boss, and Other Stories",3,padre,0.086946
"The Jimmyjohn Boss, and Other Stories",4,toussaint,0.078672
"The Jimmyjohn Boss, and Other Stories",5,mclean,0.07627
"The Jimmyjohn Boss, and Other Stories",6,drake,0.076227
"The Jimmyjohn Boss, and Other Stories",7,hank,0.075592
"The Jimmyjohn Boss, and Other Stories",8,jake,0.071956
"The Jimmyjohn Boss, and Other Stories",9,virginian,0.068142
"The Jimmyjohn Boss, and Other Stories",10,vogel,0.06666
"The Jimmyjohn Boss, and Other Stories",11,casey,0.066418
"The Jimmyjohn Boss, and Other Stories",12,duane,0.066418
"The Jimmyjohn Boss, and Other Stories",13,haf,0.066418
"The Jimmyjohn Boss, and Other Stories",14,manna,0.066046
"The Jimmyjohn Boss, and Other Stories",15,gaston,0.065137
"The Jimmyjohn Boss, and Other Stories",16,malheur,0.063275
"The Jimmyjohn Boss, and Other Stories",17,augustus,0.063212
"The Jimmyjohn Boss, and Other Stories",18,ranch,0.06175
"The Jimmyjohn Boss, and Other Stories",19,mart,0.061457
"The Jimmyjohn Boss, and Other Stories",20,nancy,0.060532
The Jungle,1,duane,0.06203
The Jungle,2,stockyard,0.060892
The Jungle,3,jonas,0.06049
The Jungle,4,packer,0.059661
The Jungle,5,durham,0.056595
The Jungle,6,fertilizer,0.05609
The Jungle,7,freddie,0.055087
The Jungle,8,haf,0.048955
The Jungle,9,workingman,0.048835
The Jungle,10,lard,0.048224
The Jungle,11,hic,0.044021
The Jungle,12,republicans,0.042859
The Jungle,13,ole,0.042857
The Jungle,14,halsted,0.041427
The Jungle,15,jail,0.041277
The Jungle,16,chicago,0.041028
The Jungle,17,downtown,0.039959
The Jungle,18,harper,0.039272
The Jungle,19,socialist,0.03853
The Jungle,20,dollar,0.037656
The Natural History of Selborne,1,selborne,0.095821
The Natural History of Selborne,2,daines barrington,0.081742
The Natural History of Selborne,3,daines,0.081742
The Natural History of Selborne,4,esquire,0.079355
The Natural History of Selborne,5,house martin,0.078216
The Natural History of Selborne,6,barrington,0.077866
The Natural History of Selborne,7,pennant,0.06723
The Natural History of Selborne,8,congener,0.053771
The Natural History of Selborne,9,wren,0.052952
The Natural History of Selborne,10,martin,0.047275
The Natural History of Selborne,11,migration,0.047074
The Natural History of Selborne,12,hanger,0.046813
The Natural History of Selborne,13,cuckoo,0.046382
The Natural History of Selborne,14,sussex,0.045556
The Natural History of Selborne,15,snipe,0.045295
The Natural History of Selborne,16,quadruped,0.044832
The Natural History of Selborne,17,thrush,0.044411
The Natural History of Selborne,18,blackbird,0.043968
The Natural History of Selborne,19,migrate,0.043365
The Natural History of Selborne,20,chichester,0.043215
Heidi,1,fraulein,0.10827
Heidi,2,grandmamma,0.103882
Heidi,3,frankfurt,0.097114
Heidi,4,clara,0.088657
Heidi,5,sebastian,0.087191
Heidi,6,herr,0.078359
Heidi,7,alm,0.061425
Heidi,8,fir tree,0.061144
Heidi,9,peter,0.060876
Heidi,10,frau,0.060684
Heidi,11,grandmother,0.059865
Heidi,12,sleigh,0.057977
Heidi,13,say peter,0.056369
Heidi,14,grandfather,0.053618
Heidi,15,snowflake,0.052817
Heidi,16,pastor,0.052441
Heidi,17,goat,0.050547
Heidi,18,tutor,0.049288
Heidi,19,fir,0.048817
Heidi,20,peter look,0.04803
Pollyanna,1,aunt polly,0.132991
Pollyanna,2,pendleton,0.127062
Pollyanna,3,polly,0.117054
Pollyanna,4,ter,0.115016
Pollyanna,5,nancy,0.110155
Pollyanna,6,ladies aid,0.096047
Pollyanna,7,harrington,0.082717
Pollyanna,8,milly,0.082164
Pollyanna,9,timothy,0.074255
Pollyanna,10,jimmy,0.073063
Pollyanna,11,ladies,0.072131
Pollyanna,12,jennie,0.06455
Pollyanna,13,ye know,0.063046
Pollyanna,14,tell ye,0.06081
Pollyanna,15,warren,0.056102
Pollyanna,16,anythin,0.05416
Pollyanna,17,aunt,0.053784
Pollyanna,18,tellin,0.053637
Pollyanna,19,glad glad,0.053171
Pollyanna,20,think glad,0.052677
The silent places,1,bolton,0.101501
The silent places,2,dick,0.098384
The silent places,3,caribou,0.091982
The silent places,4,sam,0.090196
The silent places,5,herron,0.083429
The silent places,6,woodsman,0.080372
The silent places,7,galen,0.075708
The silent places,8,canoe,0.070515
The silent places,9,cree,0.069935
The silent places,10,moccasin,0.068438
The silent places,11,buckskin,0.068132
The silent places,12,sledge,0.061252
The silent places,13,moose,0.058584
The silent places,14,rawhide,0.054517
The silent places,15,chapter chapter,0.051699
The silent places,16,claire,0.050442
The silent places,17,squaw,0.048974
The silent places,18,billy,0.047734
The silent places,19,th,0.046623
The silent places,20,spruce,0.046131
The Moonstone,1,rachel,0.082311
The Moonstone,2,moonstone,0.078169
The Moonstone,3,godfrey,0.076579
The Moonstone,4,blake,0.074802
The Moonstone,5,penelope,0.068753
The Moonstone,6,spearman,0.065936
The Moonstone,7,franklin,0.065494
The Moonstone,8,say sergeant,0.06177
The Moonstone,9,ezra,0.061651
The Moonstone,10,jennings,0.058622
The Moonstone,11,sergeant,0.054975
The Moonstone,12,ladyship,0.052262
The Moonstone,13,clack,0.051024
The Moonstone,14,laudanum,0.046011
The Moonstone,15,nightgown,0.045233
The Moonstone,16,candy,0.043911
The Moonstone,17,robinson crusoe,0.043695
The Moonstone,18,quicksand,0.042589
The Moonstone,19,crusoe,0.042547
The Moonstone,20,cuff,0.042183
Daddy-Long-Legs,1,legs,0.126589
Daddy-Long-Legs,2,sallie,0.123905
Daddy-Long-Legs,3,daddy,0.11992
Daddy-Long-Legs,4,judy,0.115852
Daddy-Long-Legs,5,ps,0.106222
Daddy-Long-Legs,6,pendleton,0.106222
Daddy-Long-Legs,7,abbott,0.100861
Daddy-Long-Legs,8,julia,0.084774
Daddy-Long-Legs,9,campus,0.068263
Daddy-Long-Legs,10,trustee,0.067966
Daddy-Long-Legs,11,goodbye,0.064067
Daddy-Long-Legs,12,gymnasium,0.060638
Daddy-Long-Legs,13,willow,0.055114
Daddy-Long-Legs,14,ice cream,0.054383
Daddy-Long-Legs,15,scholarship,0.051164
Daddy-Long-Legs,16,asylum,0.051111
Daddy-Long-Legs,17,freddie,0.047858
Daddy-Long-Legs,18,smith,0.047313
Daddy-Long-Legs,19,orphan,0.047211
Daddy-Long-Legs,20,awfully,0.045724
Doña Perfecta,1,su,0.088551
Doña Perfecta,2,los,0.086621
Doña Perfecta,3,casa,0.08608
Doña Perfecta,4,una,0.085338
Doña Perfecta,5,para,0.084423
Doña Perfecta,6,el,0.083488
Doña Perfecta,7,como,0.08302
Doña Perfecta,8,sus,0.081793
Doña Perfecta,9,este,0.080533
Doña Perfecta,10,sobre,0.078478
Doña Perfecta,11,de las,0.078057
Doña Perfecta,12,rosario,0.076553
Doña Perfecta,13,las,0.076404
Doña Perfecta,14,ser,0.075841
Doña Perfecta,15,en la,0.075202
Doña Perfecta,16,mi,0.074335
Doña Perfecta,17,toda,0.074131
Doña Perfecta,18,gran,0.073552
Doña Perfecta,19,con la,0.071882
Doña Perfecta,20,poco,0.071627
The island of Doctor Moreau,1,montgomery,0.126692
The island of Doctor Moreau,2,moreau,0.119847
The island of Doctor Moreau,3,puma,0.086728
The island of Doctor Moreau,4,ape man,0.076267
The island of Doctor Moreau,5,leopard,0.063885
The island of Doctor Moreau,6,haired man,0.060735
The island of Doctor Moreau,7,swine,0.06043
The island of Doctor Moreau,8,enclosure,0.056216
The island of Doctor Moreau,9,schooner,0.055683
The island of Doctor Moreau,10,undergrowth,0.05307
The island of Doctor Moreau,11,ravine,0.050301
The island of Doctor Moreau,12,silly ass,0.049875
The island of Doctor Moreau,13,sloth,0.049023
The island of Doctor Moreau,14,ape,0.046714
The island of Doctor Moreau,15,black face,0.045924
The island of Doctor Moreau,16,dog man,0.045535
The island of Doctor Moreau,17,revolver,0.044731
The island of Doctor Moreau,18,headland,0.044238
The island of Doctor Moreau,19,dead say,0.044082
The island of Doctor Moreau,20,overboard,0.042775
Peter Pan,1,wendy,0.143854
Peter Pan,2,nana,0.107685
Peter Pan,3,smee,0.104521
Peter Pan,4,nibs,0.095675
Peter Pan,5,tink,0.094719
Peter Pan,6,starkey,0.091161
Peter Pan,7,tinker bell,0.091161
Peter Pan,8,john michael,0.090429
Peter Pan,9,redskin,0.090179
Peter Pan,10,tootles,0.089618
Peter Pan,11,peter pan,0.086323
Peter Pan,12,peter say,0.077377
Peter Pan,13,peter,0.074889
Peter Pan,14,peter wendy,0.074413
Peter Pan,15,cecco,0.072743
Peter Pan,16,say peter,0.072483
Peter Pan,17,pirate,0.072208
Peter Pan,18,mermaid,0.070695
Peter Pan,19,tiger lily,0.070573
Peter Pan,20,cry peter,0.067434
"The Awakening, and Selected Short Stories",1,pauline,0.084001
"The Awakening, and Selected Short Stories",2,folle,0.081519
"The Awakening, and Selected Short Stories",3,mademoiselle,0.07584
"The Awakening, and Selected Short Stories",4,désirée,0.07321
"The Awakening, and Selected Short Stories",5,armand,0.065055
"The Awakening, and Selected Short Stories",6,la petite,0.057812
"The Awakening, and Selected Short Stories",7,antoine,0.055537
"The Awakening, and Selected Short Stories",8,petite,0.05468
"The Awakening, and Selected Short Stories",9,robert,0.054227
"The Awakening, and Selected Short Stories",10,new orleans,0.053567
"The Awakening, and Selected Short Stories",11,madame,0.052852
"The Awakening, and Selected Short Stories",12,côte,0.052717
"The Awakening, and Selected Short Stories",13,monsieur,0.050974
"The Awakening, and Selected Short Stories",14,klein,0.049939
"The Awakening, and Selected Short Stories",15,raoul,0.047773
"The Awakening, and Selected Short Stories",16,orleans,0.047584
"The Awakening, and Selected Short Stories",17,si tu,0.046696
"The Awakening, and Selected Short Stories",18,mexico,0.046292
"The Awakening, and Selected Short Stories",19,locket,0.046272
"The Awakening, and Selected Short Stories",20,maître,0.045893
The Adventures of Sherlock Holmes,1,holmes,0.084443
The Adventures of Sherlock Holmes,2,say holmes,0.081693
The Adventures of Sherlock Holmes,3,lestrade,0.074276
The Adventures of Sherlock Holmes,4,mccarthy,0.073849
The Adventures of Sherlock Holmes,5,sherlock,0.06645
The Adventures of Sherlock Holmes,6,sherlock holmes,0.066213
The Adventures of Sherlock Holmes,7,watson,0.065813
The Adventures of Sherlock Holmes,8,watson say,0.056652
The Adventures of Sherlock Holmes,9,coronet,0.056635
The Adventures of Sherlock Holmes,10,clair,0.056159
The Adventures of Sherlock Holmes,11,baker street,0.055068
The Adventures of Sherlock Holmes,12,simon,0.048885
The Adventures of Sherlock Holmes,13,turner,0.048414
The Adventures of Sherlock Holmes,14,sir george,0.045534
The Adventures of Sherlock Holmes,15,inspector,0.042766
The Adventures of Sherlock Holmes,16,wilson,0.042652
The Adventures of Sherlock Holmes,17,coroner,0.042494
The Adventures of Sherlock Holmes,18,ross,0.042188
The Adventures of Sherlock Holmes,19,bohemia,0.041241
The Adventures of Sherlock Holmes,20,baker,0.039721
The Man Who Was Thursday: A Nightmare,1,gregory,0.07948
The Man Who Was Thursday: A Nightmare,2,gogol,0.077984
The Man Who Was Thursday: A Nightmare,3,say professor,0.067413
The Man Who Was Thursday: A Nightmare,4,marquis,0.065347
The Man Who Was Thursday: A Nightmare,5,worms,0.064807
The Man Who Was Thursday: A Nightmare,6,anarchist,0.06198
The Man Who Was Thursday: A Nightmare,7,bomb,0.050221
The Man Who Was Thursday: A Nightmare,8,detective,0.050122
The Man Who Was Thursday: A Nightmare,9,saffron,0.049975
The Man Who Was Thursday: A Nightmare,10,anarchy,0.049325
The Man Who Was Thursday: A Nightmare,11,colonel,0.046122
The Man Who Was Thursday: A Nightmare,12,secretary,0.04597
The Man Who Was Thursday: A Nightmare,13,marquis de,0.044133
The Man Who Was Thursday: A Nightmare,14,gabriel,0.043081
The Man Who Was Thursday: A Nightmare,15,president,0.042466
The Man Who Was Thursday: A Nightmare,16,policeman,0.042324
The Man Who Was Thursday: A Nightmare,17,red hair,0.041599
The Man Who Was Thursday: A Nightmare,18,motor car,0.041427
The Man Who Was Thursday: A Nightmare,19,cab,0.04116
The Man Who Was Thursday: A Nightmare,20,inspector,0.040193
The Secret Garden,1,colin,0.115974
The Secret Garden,2,say mary,0.102389
The Secret Garden,3,martha,0.089652
The Secret Garden,4,craven,0.084803
The Secret Garden,5,sowerby,0.083772
The Secret Garden,6,ben,0.077152
The Secret Garden,7,answer mary,0.076649
The Secret Garden,8,mary say,0.072535
The Secret Garden,9,th,0.071413
The Secret Garden,10,rajah,0.065732
The Secret Garden,11,mary think,0.065268
The Secret Garden,12,robin,0.06481
The Secret Garden,13,ask mary,0.062435
The Secret Garden,14,miss mary,0.060669
The Secret Garden,15,mary go,0.059255
The Secret Garden,16,mary,0.058625
The Secret Garden,17,yorkshire,0.057518
The Secret Garden,18,susan,0.057233
The Secret Garden,19,aye,0.056422
The Secret Garden,20,tell thee,0.053797
The Picture of Dorian Gray,1,basil,0.095622
The Picture of Dorian Gray,2,sibyl,0.090319
The Picture of Dorian Gray,3,alan,0.067768
The Picture of Dorian Gray,4,vane,0.066323
The Picture of Dorian Gray,5,campbell,0.062722
The Picture of Dorian Gray,6,agatha,0.061668
The Picture of Dorian Gray,7,harry,0.059229
The Picture of Dorian Gray,8,harry say,0.057851
The Picture of Dorian Gray,9,gladys,0.054925
The Picture of Dorian Gray,10,say lord,0.054127
The Picture of Dorian Gray,11,duchess,0.053185
The Picture of Dorian Gray,12,studio,0.052564
The Picture of Dorian Gray,13,geoffrey,0.047086
The Picture of Dorian Gray,14,juliet,0.045415
The Picture of Dorian Gray,15,henry,0.045198
The Picture of Dorian Gray,16,gray,0.043207
The Picture of Dorian Gray,17,jim,0.040214
The Picture of Dorian Gray,18,dear fellow,0.039384
The Picture of Dorian Gray,19,valet,0.038662
The Picture of Dorian Gray,20,hansom,0.036916
The Phantom of the Opera,1,christine,0.123261
The Phantom of the Opera,2,raoul,0.101767
The Phantom of the Opera,3,vicomte,0.074629
The Phantom of the Opera,4,valerius,0.072711
The Phantom of the Opera,5,mme,0.071995
The Phantom of the Opera,6,torture chamber,0.0712
The Phantom of the Opera,7,commissary,0.070777
The Phantom of the Opera,8,vicomte de,0.069945
The Phantom of the Opera,9,viscount,0.067951
The Phantom of the Opera,10,thousand franc,0.067153
The Phantom of the Opera,11,meg,0.065512
The Phantom of the Opera,12,persian,0.063522
The Phantom of the Opera,13,philippe,0.06298
The Phantom of the Opera,14,foyer,0.060171
The Phantom of the Opera,15,ballet,0.059505
The Phantom of the Opera,16,mlle,0.055664
The Phantom of the Opera,17,punjab,0.055324
The Phantom of the Opera,18,franc,0.055297
The Phantom of the Opera,19,mm,0.055294
The Phantom of the Opera,20,richard,0.054727
Nouveaux souvenirs entomologiques - Livre II / Étude sur l'instinct et les moeurs des insectes,1,larve,0.051335
Nouveaux souvenirs entomologiques - Livre II / Étude sur l'instinct et les moeurs des insectes,2,la larve,0.044915
Nouveaux souvenirs entomologiques - Livre II / Étude sur l'instinct et les moeurs des insectes,3,cellule,0.044889
Nouveaux souvenirs entomologiques - Livre II / Étude sur l'instinct et les moeurs des insectes,4,avec,0.043197
Nouveaux souvenirs entomologiques - Livre II / Étude sur l'instinct et les moeurs des insectes,5,quelque,0.042855
Nouveaux souvenirs entomologiques - Livre II / Étude sur l'instinct et les moeurs des insectes,6,sont,0.042609
Nouveaux souvenirs entomologiques - Livre II / Étude sur l'instinct et les moeurs des insectes,7,leur,0.041587
Nouveaux souvenirs entomologiques - Livre II / Étude sur l'instinct et les moeurs des insectes,8,patte,0.041153
Nouveaux souvenirs entomologiques - Livre II / Étude sur l'instinct et les moeurs des insectes,9,elle,0.040893
Nouveaux souvenirs entomologiques - Livre II / Étude sur l'instinct et les moeurs des insectes,10,dans,0.040687
Nouveaux souvenirs entomologiques - Livre II / Étude sur l'instinct et les moeurs des insectes,11,aux,0.040153
Nouveaux souvenirs entomologiques - Livre II / Étude sur l'instinct et les moeurs des insectes,12,même,0.03977
Nouveaux souvenirs entomologiques - Livre II / Étude sur l'instinct et les moeurs des insectes,13,peut,0.039729
Nouveaux souvenirs entomologiques - Livre II / Étude sur l'instinct et les moeurs des insectes,14,peu,0.039574
Nouveaux souvenirs entomologiques - Livre II / Étude sur l'instinct et les moeurs des insectes,15,insecte,0.039092
Nouveaux souvenirs entomologiques - Livre II / Étude sur l'instinct et les moeurs des insectes,16,la tête,0.039092
Nouveaux souvenirs entomologiques - Livre II / Étude sur l'instinct et les moeurs des insectes,17,proie,0.038973
Nouveaux souvenirs entomologiques - Livre II / Étude sur l'instinct et les moeurs des insectes,18,que je,0.038884
Nouveaux souvenirs entomologiques - Livre II / Étude sur l'instinct et les moeurs des insectes,19,autre,0.038606
Nouveaux souvenirs entomologiques - Livre II / Étude sur l'instinct et les moeurs des insectes,20,où,0.038562
The Red House Mystery,1,antony,0.123571
The Red House Mystery,2,say bill,0.107849
The Red House Mystery,3,audrey,0.101272
The Red House Mystery,4,elsie,0.100739
The Red House Mystery,5,norris,0.091291
The Red House Mystery,6,red house,0.089701
The Red House Mystery,7,stevens,0.083913
The Red House Mystery,8,tony,0.079491
The Red House Mystery,9,betty,0.074902
The Red House Mystery,10,inspector,0.070859
The Red House Mystery,11,know mark,0.070584
The Red House Mystery,12,watson,0.069189
The Red House Mystery,13,secret passage,0.069092
The Red House Mystery,14,bill say,0.064132
The Red House Mystery,15,robert,0.062592
The Red House Mystery,16,hallo,0.057128
The Red House Mystery,17,inquest,0.056661
The Red House Mystery,18,australia,0.054473
The Red House Mystery,19,coroner,0.0522
The Red House Mystery,20,holmes,0.051887
The Railway Children,1,phyllis,0.136687
The Railway Children,2,say peter,0.103606
The Railway Children,3,chimneys,0.085577
The Railway Children,4,station master,0.076323
The Railway Children,5,phil,0.072357
The Railway Children,6,peter,0.071717
The Railway Children,7,daddy,0.068664
The Railway Children,8,engine driver,0.066279
The Railway Children,9,fireman,0.063332
The Railway Children,10,peter say,0.063073
The Railway Children,11,say mother,0.062805
The Railway Children,12,cry peter,0.062042
The Railway Children,13,jim,0.06047
The Railway Children,14,bun,0.058781
The Railway Children,15,emma,0.055621
The Railway Children,16,ruth,0.053953
The Railway Children,17,bert,0.050113
The Railway Children,18,old gentleman,0.049572
The Railway Children,19,birthday,0.049539
The Railway Children,20,peter look,0.049252
A Journey to the Centre of the Earth,1,cry uncle,0.067337
A Journey to the Centre of the Earth,2,icelandic,0.066765
A Journey to the Centre of the Earth,3,centre earth,0.065864
A Journey to the Centre of the Earth,4,hans,0.064712
A Journey to the Centre of the Earth,5,iceland,0.062651
A Journey to the Centre of the Earth,6,gretchen,0.061828
A Journey to the Centre of the Earth,7,han,0.060298
A Journey to the Centre of the Earth,8,say uncle,0.055614
A Journey to the Centre of the Earth,9,vapor,0.054535
A Journey to the Centre of the Earth,10,say professor,0.052412
A Journey to the Centre of the Earth,11,raft,0.050664
A Journey to the Centre of the Earth,12,eruption,0.049938
A Journey to the Centre of the Earth,13,lava,0.049726
A Journey to the Centre of the Earth,14,crater,0.049437
A Journey to the Centre of the Earth,15,hamburg,0.049083
A Journey to the Centre of the Earth,16,granite,0.0483
A Journey to the Centre of the Earth,17,crowbar,0.046066
A Journey to the Centre of the Earth,18,harry,0.044427
A Journey to the Centre of the Earth,19,southeast,0.043518
A Journey to the Centre of the Earth,20,fissure,0.043369
Scaramouche: A Romance of the French Revolution,1,andre,0.094396
Scaramouche: A Romance of the French Revolution,2,binet,0.092257
Scaramouche: A Romance of the French Revolution,3,la tour,0.088394
Scaramouche: A Romance of the French Revolution,4,aline,0.084886
Scaramouche: A Romance of the French Revolution,5,le marquis,0.072009
Scaramouche: A Romance of the French Revolution,6,mme de,0.070392
Scaramouche: A Romance of the French Revolution,7,nantes,0.069417
Scaramouche: A Romance of the French Revolution,8,des amis,0.062613
Scaramouche: A Romance of the French Revolution,9,moreau,0.059933
Scaramouche: A Romance of the French Revolution,10,godfather,0.058804
Scaramouche: A Romance of the French Revolution,11,amis,0.05674
Scaramouche: A Romance of the French Revolution,12,danton,0.056221
Scaramouche: A Romance of the French Revolution,13,philippe,0.055339
Scaramouche: A Romance of the French Revolution,14,brittany,0.055002
Scaramouche: A Romance of the French Revolution,15,mme,0.053805
Scaramouche: A Romance of the French Revolution,16,marquis,0.052952
Scaramouche: A Romance of the French Revolution,17,pantaloon,0.052644
Scaramouche: A Romance of the French Revolution,18,mademoiselle,0.052472
Scaramouche: A Romance of the French Revolution,19,columbine,0.051329
Scaramouche: A Romance of the French Revolution,20,louis,0.050973
The Yellow Wallpaper,1,wallpaper,0.221138
The Yellow Wallpaper,2,jennie,0.2104
The Yellow Wallpaper,3,john say,0.136139
The Yellow Wallpaper,4,pattern,0.108175
The Yellow Wallpaper,5,john,0.101417
The Yellow Wallpaper,6,shaded,0.095359
The Yellow Wallpaper,7,fungus,0.094885
The Yellow Wallpaper,8,daytime,0.09201
The Yellow Wallpaper,9,round round,0.088697
The Yellow Wallpaper,10,nursery,0.082773
The Yellow Wallpaper,11,bedstead,0.082355
The Yellow Wallpaper,12,charlotte,0.076553
The Yellow Wallpaper,13,julia,0.076553
The Yellow Wallpaper,14,darling,0.072805
The Yellow Wallpaper,15,creep,0.070913
The Yellow Wallpaper,16,physician,0.069289
The Yellow Wallpaper,17,color,0.066864
The Yellow Wallpaper,18,odor,0.065284
The Yellow Wallpaper,19,airy,0.065284
The Yellow Wallpaper,20,yellow,0.065283
Thus Spake Zarathustra: A Book for All and None,1,zarathustra,0.091082
Thus Spake Zarathustra: A Book for All and None,2,doth,0.076546
Thus Spake Zarathustra: A Book for All and None,3,cometh,0.075134
Thus Spake Zarathustra: A Book for All and None,4,spake zarathustra,0.073078
Thus Spake Zarathustra: A Book for All and None,5,ye high,0.071126
Thus Spake Zarathustra: A Book for All and None,6,high man,0.070598
Thus Spake Zarathustra: A Book for All and None,7,spake,0.067951
Thus Spake Zarathustra: A Book for All and None,8,speaketh,0.067291
Thus Spake Zarathustra: A Book for All and None,9,becometh,0.066081
Thus Spake Zarathustra: A Book for All and None,10,soothsayer,0.065731
Thus Spake Zarathustra: A Book for All and None,11,nietzsche,0.065333
Thus Spake Zarathustra: A Book for All and None,12,speak unto,0.063201
Thus Spake Zarathustra: A Book for All and None,13,thyself,0.062836
Thus Spake Zarathustra: A Book for All and None,14,seeketh,0.061021
Thus Spake Zarathustra: A Book for All and None,15,hath,0.061019
Thus Spake Zarathustra: A Book for All and None,16,noontide,0.060592
Thus Spake Zarathustra: A Book for All and None,17,maketh,0.059939
Thus Spake Zarathustra: A Book for All and None,18,knoweth,0.059077
Thus Spake Zarathustra: A Book for All and None,19,superman,0.058334
Thus Spake Zarathustra: A Book for All and None,20,verily,0.057809
Flatland: A Romance of Many Dimensions,1,circles,0.127807
Flatland: A Romance of Many Dimensions,2,isosceles,0.125463
Flatland: A Romance of Many Dimensions,3,dimensions,0.103835
Flatland: A Romance of Many Dimensions,4,shew,0.079819
Flatland: A Romance of Many Dimensions,5,women,0.072445
Flatland: A Romance of Many Dimensions,6,cube,0.066733
Flatland: A Romance of Many Dimensions,7,straight line,0.063983
Flatland: A Romance of Many Dimensions,8,lordship,0.06395
Flatland: A Romance of Many Dimensions,9,grandson,0.06301
Flatland: A Romance of Many Dimensions,10,terminal,0.062628
Flatland: A Romance of Many Dimensions,11,sphere,0.060711
Flatland: A Romance of Many Dimensions,12,dimension,0.058237
Flatland: A Romance of Many Dimensions,13,triangle,0.05757
Flatland: A Romance of Many Dimensions,14,abbott,0.055915
Flatland: A Romance of Many Dimensions,15,tablet,0.055432
Flatland: A Romance of Many Dimensions,16,legislature,0.054135
Flatland: A Romance of Many Dimensions,17,irregularity,0.053532
Flatland: A Romance of Many Dimensions,18,monarch,0.051751
Flatland: A Romance of Many Dimensions,19,geometry,0.051687
Flatland: A Romance of Many Dimensions,20,tradesman,0.050743
The Turn of the Screw,1,miles,0.105613
The Turn of the Screw,2,flora,0.079273
The Turn of the Screw,3,schoolroom,0.06668
The Turn of the Screw,4,douglas,0.064779
The Turn of the Screw,5,governess,0.057074
The Turn of the Screw,6,certitude,0.056336
The Turn of the Screw,7,griffin,0.053195
The Turn of the Screw,8,dear little,0.048247
The Turn of the Screw,9,prodigious,0.047166
The Turn of the Screw,10,colleague,0.045817
The Turn of the Screw,11,pupil,0.043556
The Turn of the Screw,12,blanch,0.043398
The Turn of the Screw,13,afresh,0.043361
The Turn of the Screw,14,little face,0.042563
The Turn of the Screw,15,daresay,0.041943
The Turn of the Screw,16,look hard,0.04047
The Turn of the Screw,17,infamous,0.039846
The Turn of the Screw,18,concur,0.039846
The Turn of the Screw,19,charming,0.039347
The Turn of the Screw,20,poor woman,0.039126
The call of the wild,1,spitz,0.130437
The call of the wild,2,thornton,0.126086
The call of the wild,3,françois,0.120407
The call of the wild,4,lek,0.110946
The call of the wild,5,sled,0.097083
The call of the wild,6,hal,0.091508
The call of the wild,7,buck,0.089499
The call of the wild,8,sle,0.084485
The call of the wild,9,pete,0.072441
The call of the wild,10,dat,0.065885
The call of the wild,11,dawson,0.065567
The call of the wild,12,moose,0.065543
The call of the wild,13,half breed,0.063289
The call of the wild,14,sweater,0.063094
The call of the wild,15,husky,0.063005
The call of the wild,16,hans,0.060846
The call of the wild,17,sol,0.058986
The call of the wild,18,crate,0.057886
The call of the wild,19,pike,0.056059
The call of the wild,20,dolly,0.05349
Kim,1,lama,0.095887
Kim,2,ali,0.077682
Kim,3,chela,0.077534
Kim,4,sahib,0.076572
Kim,5,sahibs,0.074246
Kim,6,benare,0.07072
Kim,7,rupee,0.067999
Kim,8,xavier,0.066832
Kim,9,red bull,0.066832
Kim,10,delhi,0.066422
Kim,11,lahore,0.063402
Kim,12,bazar,0.060466
Kim,13,holy man,0.058987
Kim,14,lucknow,0.055698
Kim,15,hindu,0.054551
Kim,16,dost thou,0.054171
Kim,17,allah,0.053926
Kim,18,bennett,0.052882
Kim,19,stallion,0.051127
Kim,20,hast thou,0.050899
Faust: Der Tragödie erster Teil,1,mich,0.1271
Faust: Der Tragödie erster Teil,2,sie,0.116934
Faust: Der Tragödie erster Teil,3,ihr,0.114201
Faust: Der Tragödie erster Teil,4,wir,0.113523
Faust: Der Tragödie erster Teil,5,zu,0.110958
Faust: Der Tragödie erster Teil,6,auch,0.109789
Faust: Der Tragödie erster Teil,7,nur,0.108056
Faust: Der Tragödie erster Teil,8,wird,0.107285
Faust: Der Tragödie erster Teil,9,doch,0.106765
Faust: Der Tragödie erster Teil,10,nach,0.106374
Faust: Der Tragödie erster Teil,11,ich,0.106207
Faust: Der Tragödie erster Teil,12,mir,0.105075
Faust: Der Tragödie erster Teil,13,wohl,0.104154
Faust: Der Tragödie erster Teil,14,nicht,0.103396
Faust: Der Tragödie erster Teil,15,dich,0.101373
Faust: Der Tragödie erster Teil,16,soll,0.101048
Faust: Der Tragödie erster Teil,17,ist,0.100819
Faust: Der Tragödie erster Teil,18,schon,0.099737
Faust: Der Tragödie erster Teil,19,und,0.099735
Faust: Der Tragödie erster Teil,20,dir,0.098309
"The Descent of Man, and Selection in Relation to Sex",1,sexual selection,0.064157
"The Descent of Man, and Selection in Relation to Sex",2,sexual character,0.060309
"The Descent of Man, and Selection in Relation to Sex",3,shew,0.059112
"The Descent of Man, and Selection in Relation to Sex",4,secondary sexual,0.058022
"The Descent of Man, and Selection in Relation to Sex",5,vol ii,0.057333
"The Descent of Man, and Selection in Relation to Sex",6,sex differ,0.05517
"The Descent of Man, and Selection in Relation to Sex",7,variation animals,0.054332
"The Descent of Man, and Selection in Relation to Sex",8,male specie,0.053111
"The Descent of Man, and Selection in Relation to Sex",9,female male,0.051746
"The Descent of Man, and Selection in Relation to Sex",10,social instinct,0.051472
"The Descent of Man, and Selection in Relation to Sex",11,animals plant,0.051378
"The Descent of Man, and Selection in Relation to Sex",12,sexual difference,0.051378
"The Descent of Man, and Selection in Relation to Sex",13,plant domestication,0.050998
"The Descent of Man, and Selection in Relation to Sex",14,breeding season,0.050942
"The Descent of Man, and Selection in Relation to Sex",15,natural selection,0.050315
"The Descent of Man, and Selection in Relation to Sex",16,orang,0.050095
"The Descent of Man, and Selection in Relation to Sex",17,animals,0.049974
"The Descent of Man, and Selection in Relation to Sex",18,proc,0.048886
"The Descent of Man, and Selection in Relation to Sex",19,female specie,0.048518
"The Descent of Man, and Selection in Relation to Sex",20,shews,0.048518
Up from Slavery: An Autobiography,1,tuskegee,0.114336
Up from Slavery: An Autobiography,2,atlanta,0.090314
Up from Slavery: An Autobiography,3,armstrong,0.087297
Up from Slavery: An Autobiography,4,booker,0.083567
Up from Slavery: An Autobiography,5,hampton,0.083559
Up from Slavery: An Autobiography,6,southern white,0.083016
Up from Slavery: An Autobiography,7,booker washington,0.078614
Up from Slavery: An Autobiography,8,white people,0.071966
Up from Slavery: An Autobiography,9,night school,0.069905
Up from Slavery: An Autobiography,10,alabama,0.065541
Up from Slavery: An Autobiography,11,davidson,0.064168
Up from Slavery: An Autobiography,12,member race,0.060949
Up from Slavery: An Autobiography,13,washington,0.059151
Up from Slavery: An Autobiography,14,negroes,0.058787
Up from Slavery: An Autobiography,15,negro,0.05649
Up from Slavery: An Autobiography,16,white man,0.053199
Up from Slavery: An Autobiography,17,virginia,0.051093
Up from Slavery: An Autobiography,18,schoolhouse,0.049769
Up from Slavery: An Autobiography,19,legislature,0.049388
Up from Slavery: An Autobiography,20,boston,0.048326
O Pioneers!,1,emil,0.129883
O Pioneers!,2,alexandra,0.123487
O Pioneers!,3,carl,0.111054
O Pioneers!,4,lou,0.106084
O Pioneers!,5,bergson,0.10299
O Pioneers!,6,oscar,0.091307
O Pioneers!,7,milly,0.082486
O Pioneers!,8,marie,0.080286
O Pioneers!,9,raoul,0.061126
O Pioneers!,10,dat,0.05768
O Pioneers!,11,homestead,0.053533
O Pioneers!,12,annie,0.05348
O Pioneers!,13,swedish,0.051455
O Pioneers!,14,bohemian,0.051154
O Pioneers!,15,schwartz,0.050507
O Pioneers!,16,graveyard,0.050025
O Pioneers!,17,orchard,0.049827
O Pioneers!,18,lee,0.049506
O Pioneers!,19,sod,0.047679
O Pioneers!,20,prairie,0.045931
My Ántonia,1,lena,0.10549
My Ántonia,2,fuchs,0.078006
My Ántonia,3,jake,0.077004
My Ántonia,4,tony,0.073492
My Ántonia,5,nina,0.069129
My Ántonia,6,frances,0.06732
My Ántonia,7,otto,0.066595
My Ántonia,8,charley,0.056184
My Ántonia,9,jim,0.055331
My Ántonia,10,leo,0.054693
My Ántonia,11,cutter,0.052651
My Ántonia,12,grandmother,0.05037
My Ántonia,13,bohemian,0.049066
My Ántonia,14,cornfield,0.048966
My Ántonia,15,prairie,0.047693
My Ántonia,16,corral,0.047201
My Ántonia,17,sod,0.046947
My Ántonia,18,anna,0.046567
My Ántonia,19,ole,0.046303
My Ántonia,20,windmill,0.045078
Siddhartha,1,siddhartha,0.18703
Siddhartha,2,brahman,0.131031
Siddhartha,3,ferryman,0.119659
Siddhartha,4,om,0.098987
Siddhartha,5,buddha,0.093414
Siddhartha,6,quoth,0.089425
Siddhartha,7,childlike,0.085917
Siddhartha,8,oneness,0.077622
Siddhartha,9,monk,0.074595
Siddhartha,10,mango,0.072467
Siddhartha,11,ferry,0.066836
Siddhartha,12,holy man,0.066771
Siddhartha,13,teaching,0.062711
Siddhartha,14,ascetic,0.060514
Siddhartha,15,pilgrim,0.059317
Siddhartha,16,dice,0.058165
Siddhartha,17,exalted,0.05641
Siddhartha,18,pilgrimage,0.055234
Siddhartha,19,rice,0.054191
Siddhartha,20,venerable,0.054012
"Library of the World's Best Literature, Ancient and Modern — Volume 11",1,monseigneur,0.0624
"Library of the World's Best Literature, Ancient and Modern — Volume 11",2,defoe,0.054778
"Library of the World's Best Literature, Ancient and Modern — Volume 11",3,de quincey,0.048958
"Library of the World's Best Literature, Ancient and Modern — Volume 11",4,quincey,0.047013
"Library of the World's Best Literature, Ancient and Modern — Volume 11",5,missis,0.044712
"Library of the World's Best Literature, Ancient and Modern — Volume 11",6,daudet,0.044694
"Library of the World's Best Literature, Ancient and Modern — Volume 11",7,abel,0.044392
"Library of the World's Best Literature, Ancient and Modern — Volume 11",8,natural selection,0.042935
"Library of the World's Best Literature, Ancient and Modern — Volume 11",9,dickens,0.041944
"Library of the World's Best Literature, Ancient and Modern — Volume 11",10,beatrice,0.039805
"Library of the World's Best Literature, Ancient and Modern — Volume 11",11,lyell,0.038415
"Library of the World's Best Literature, Ancient and Modern — Volume 11",12,dante,0.038304
"Library of the World's Best Literature, Ancient and Modern — Volume 11",13,philip,0.038095
"Library of the World's Best Literature, Ancient and Modern — Volume 11",14,marquis,0.036167
"Library of the World's Best Literature, Ancient and Modern — Volume 11",15,athenians,0.035933
"Library of the World's Best Literature, Ancient and Modern — Volume 11",16,origin species,0.035786
"Library of the World's Best Literature, Ancient and Modern — Volume 11",17,florence,0.034521
"Library of the World's Best Literature, Ancient and Modern — Volume 11",18,dost thou,0.034128
"Library of the World's Best Literature, Ancient and Modern — Volume 11",19,athens,0.034015
"Library of the World's Best Literature, Ancient and Modern — Volume 11",20,francis,0.033993
A Room with a View,1,bartlett,0.112639
A Room with a View,2,lucy,0.107181
A Room with a View,3,cecil,0.105214
A Room with a View,4,say lucy,0.096146
A Room with a View,5,freddy,0.091232
A Room with a View,6,vyse,0.088875
A Room with a View,7,windy corner,0.088112
A Room with a View,8,alans,0.084244
A Room with a View,9,sir harry,0.082977
A Room with a View,10,emerson,0.07228
A Room with a View,11,minnie,0.07158
A Room with a View,12,charlotte,0.070662
A Room with a View,13,alan,0.066761
A Room with a View,14,florence,0.060376
A Room with a View,15,miss lucy,0.053042
A Room with a View,16,say miss,0.051444
A Room with a View,17,windy,0.050591
A Room with a View,18,santa,0.050554
A Room with a View,19,chaplain,0.050047
A Room with a View,20,lavish,0.049962
"The Will to Believe, and Other Essays in Popular Philosophy",1,theoretic,0.065407
"The Will to Believe, and Other Essays in Popular Philosophy",2,hegel,0.061505
"The Will to Believe, and Other Essays in Popular Philosophy",3,determinism,0.060401
"The Will to Believe, and Other Essays in Popular Philosophy",4,option,0.060016
"The Will to Believe, and Other Essays in Popular Philosophy",5,pluralism,0.059818
"The Will to Believe, and Other Essays in Popular Philosophy",6,rationality,0.059725
"The Will to Believe, and Other Essays in Popular Philosophy",7,theism,0.059611
"The Will to Believe, and Other Essays in Popular Philosophy",8,empiricist,0.053191
"The Will to Believe, and Other Essays in Popular Philosophy",9,empiricism,0.050497
"The Will to Believe, and Other Essays in Popular Philosophy",10,postulate,0.049159
"The Will to Believe, and Other Essays in Popular Philosophy",11,ethical,0.048624
"The Will to Believe, and Other Essays in Popular Philosophy",12,proceedings,0.047232
"The Will to Believe, and Other Essays in Popular Philosophy",13,verification,0.045566
"The Will to Believe, and Other Essays in Popular Philosophy",14,reflex,0.045481
"The Will to Believe, and Other Essays in Popular Philosophy",15,pessimism,0.045279
"The Will to Believe, and Other Essays in Popular Philosophy",16,finite,0.04414
"The Will to Believe, and Other Essays in Popular Philosophy",17,allen,0.043638
"The Will to Believe, and Other Essays in Popular Philosophy",18,negation,0.043638
"The Will to Believe, and Other Essays in Popular Philosophy",19,nature thing,0.042975
"The Will to Believe, and Other Essays in Popular Philosophy",20,hypothesis,0.042361
Dubliners,1,say mr,0.099652
Dubliners,2,kearney,0.089382
Dubliners,3,mary jane,0.082596
Dubliners,4,ignatius,0.082196
Dubliners,5,cunningham,0.079754
Dubliners,6,aunt julia,0.079695
Dubliners,7,chandler,0.078731
Dubliners,8,browne,0.073357
Dubliners,9,kate,0.071791
Dubliners,10,mr,0.070426
Dubliners,11,gabriel,0.068442
Dubliners,12,say gabriel,0.068277
Dubliners,13,kathleen,0.066865
Dubliners,14,freddy,0.065482
Dubliners,15,dublin,0.063304
Dubliners,16,say mary,0.062693
Dubliners,17,mrs,0.062442
Dubliners,18,say aunt,0.060733
Dubliners,19,julia,0.059099
Dubliners,20,jane,0.052828
The House of Mirth,1,selden,0.089107
The House of Mirth,2,bart,0.082872
The House of Mirth,3,stepney,0.077139
The House of Mirth,4,dorset,0.07313
The House of Mirth,5,gus,0.069587
The House of Mirth,6,bertha,0.065394
The House of Mirth,7,judy,0.064075
The House of Mirth,8,silverton,0.064022
The House of Mirth,9,fisher,0.053262
The House of Mirth,10,lily,0.050515
The House of Mirth,11,hubert,0.050489
The House of Mirth,12,fifth avenue,0.049295
The House of Mirth,13,evie,0.047755
The House of Mirth,14,aunt julia,0.044935
The House of Mirth,15,regina,0.044776
The House of Mirth,16,percy,0.044757
The House of Mirth,17,lawrence,0.044195
The House of Mirth,18,ned,0.042362
The House of Mirth,19,duchess,0.041325
The House of Mirth,20,louisa,0.039438
The Hound of the Baskervilles,1,baskerville,0.121104
The Hound of the Baskervilles,2,sir henry,0.103494
The Hound of the Baskervilles,3,holmes,0.0974
The Hound of the Baskervilles,4,sir charles,0.095237
The Hound of the Baskervilles,5,watson,0.092387
The Hound of the Baskervilles,6,mortimer,0.091138
The Hound of the Baskervilles,7,say holmes,0.08776
The Hound of the Baskervilles,8,baronet,0.087118
The Hound of the Baskervilles,9,frankland,0.081886
The Hound of the Baskervilles,10,sherlock,0.070847
The Hound of the Baskervilles,11,sherlock holmes,0.070847
The Hound of the Baskervilles,12,selden,0.070355
The Hound of the Baskervilles,13,lestrade,0.069514
The Hound of the Baskervilles,14,watson say,0.068775
The Hound of the Baskervilles,15,tor,0.068554
The Hound of the Baskervilles,16,lyons,0.065593
The Hound of the Baskervilles,17,baker street,0.060303
The Hound of the Baskervilles,18,moor,0.060044
The Hound of the Baskervilles,19,mire,0.054294
The Hound of the Baskervilles,20,henry,0.0502
The Wind in the Willows,1,say rat,0.103228
The Wind in the Willows,2,badger,0.089471
The Wind in the Willows,3,say toad,0.088197
The Wind in the Willows,4,toad,0.08018
The Wind in the Willows,5,water rat,0.079532
The Wind in the Willows,6,wild wood,0.073219
The Wind in the Willows,7,mole,0.072519
The Wind in the Willows,8,otter,0.070415
The Wind in the Willows,9,weasel,0.067273
The Wind in the Willows,10,washerwoman,0.067144
The Wind in the Willows,11,engine driver,0.065586
The Wind in the Willows,12,poop,0.058946
The Wind in the Willows,13,motor car,0.057823
The Wind in the Willows,14,rat,0.05304
The Wind in the Willows,15,gipsy,0.049975
The Wind in the Willows,16,barge,0.047694
The Wind in the Willows,17,river bank,0.046106
The Wind in the Willows,18,weir,0.045327
The Wind in the Willows,19,ho ho,0.042837
The Wind in the Willows,20,motor,0.040458
Howards End,1,evie,0.088359
Howards End,2,helen,0.079965
Howards End,3,leonard,0.078803
Howards End,4,avery,0.077976
Howards End,5,meg,0.077175
Howards End,6,schlegel,0.075552
Howards End,7,wickham,0.075435
Howards End,8,say helen,0.074808
Howards End,9,dolly,0.074324
Howards End,10,margaret,0.069716
Howards End,11,bast,0.068297
Howards End,12,howard,0.066031
Howards End,13,hilton,0.061856
Howards End,14,cunningham,0.040229
Howards End,15,vyse,0.040199
Howards End,16,ruth,0.039544
Howards End,17,herr,0.038557
Howards End,18,beethoven,0.038287
Howards End,19,henry,0.037493
Howards End,20,auntie,0.037475
"Harper's Young People, June 15, 1880 / An Illustrated Weekly",1,charley,0.12606
"Harper's Young People, June 15, 1880 / An Illustrated Weekly",2,harper,0.110907
"Harper's Young People, June 15, 1880 / An Illustrated Weekly",3,ben,0.094375
"Harper's Young People, June 15, 1880 / An Illustrated Weekly",4,harry,0.087253
"Harper's Young People, June 15, 1880 / An Illustrated Weekly",5,mamma,0.082389
"Harper's Young People, June 15, 1880 / An Illustrated Weekly",6,young people,0.077292
"Harper's Young People, June 15, 1880 / An Illustrated Weekly",7,joe,0.076409
"Harper's Young People, June 15, 1880 / An Illustrated Weekly",8,candy,0.075919
"Harper's Young People, June 15, 1880 / An Illustrated Weekly",9,ant,0.070528
"Harper's Young People, June 15, 1880 / An Illustrated Weekly",10,recipe,0.069977
"Harper's Young People, June 15, 1880 / An Illustrated Weekly",11,balloon,0.067803
"Harper's Young People, June 15, 1880 / An Illustrated Weekly",12,honey,0.066955
"Harper's Young People, June 15, 1880 / An Illustrated Weekly",13,keel,0.062736
"Harper's Young People, June 15, 1880 / An Illustrated Weekly",14,washington,0.061994
"Harper's Young People, June 15, 1880 / An Illustrated Weekly",15,maria,0.06102
"Harper's Young People, June 15, 1880 / An Illustrated Weekly",16,tom,0.060208
"Harper's Young People, June 15, 1880 / An Illustrated Weekly",17,georgia,0.058127
"Harper's Young People, June 15, 1880 / An Illustrated Weekly",18,scottish,0.058127
"Harper's Young People, June 15, 1880 / An Illustrated Weekly",19,say uncle,0.056684
"Harper's Young People, June 15, 1880 / An Illustrated Weekly",20,uncle,0.055745
"The Smoky God; Or, A Voyage to the Inner World",1,olaf,0.143978
"The Smoky God; Or, A Voyage to the Inner World",2,jansen,0.143028
"The Smoky God; Or, A Voyage to the Inner World",3,iceberg,0.11248
"The Smoky God; Or, A Voyage to the Inner World",4,sloop,0.110569
"The Smoky God; Or, A Voyage to the Inner World",5,open water,0.083228
"The Smoky God; Or, A Voyage to the Inner World",6,surface earth,0.082887
"The Smoky God; Or, A Voyage to the Inner World",7,berg,0.077824
"The Smoky God; Or, A Voyage to the Inner World",8,mammoth,0.077117
"The Smoky God; Or, A Voyage to the Inner World",9,magnetic,0.073817
"The Smoky God; Or, A Voyage to the Inner World",10,smoky,0.073461
"The Smoky God; Or, A Voyage to the Inner World",11,los,0.06775
"The Smoky God; Or, A Voyage to the Inner World",12,open sea,0.064069
"The Smoky God; Or, A Voyage to the Inner World",13,eden,0.063763
"The Smoky God; Or, A Voyage to the Inner World",14,arctic,0.061253
"The Smoky God; Or, A Voyage to the Inner World",15,antarctic,0.059614
"The Smoky God; Or, A Voyage to the Inner World",16,whaling,0.059359
"The Smoky God; Or, A Voyage to the Inner World",17,center,0.057126
"The Smoky God; Or, A Voyage to the Inner World",18,foot height,0.056194
"The Smoky God; Or, A Voyage to the Inner World",19,electrical,0.055395
"The Smoky God; Or, A Voyage to the Inner World",20,cask,0.054682
Original Short Stories — Volume 13,1,antoine,0.077165
Original Short Stories — Volume 13,2,monsieur,0.061221
Original Short Stories — Volume 13,3,chateau,0.058285
Original Short Stories — Volume 13,4,franc,0.05701
Original Short Stories — Volume 13,5,emma,0.056394
Original Short Stories — Volume 13,6,mme,0.052711
Original Short Stories — Volume 13,7,thousand franc,0.051652
Original Short Stories — Volume 13,8,odor,0.049735
Original Short Stories — Volume 13,9,sweetheart,0.048971
Original Short Stories — Volume 13,10,humbug,0.046182
Original Short Stories — Volume 13,11,drunkard,0.042198
Original Short Stories — Volume 13,12,alcohol,0.04214
Original Short Stories — Volume 13,13,little fellow,0.042043
Original Short Stories — Volume 13,14,quay,0.041497
Original Short Stories — Volume 13,15,shingle,0.041497
Original Short Stories — Volume 13,16,blond,0.041193
Original Short Stories — Volume 13,17,madame,0.040916
Original Short Stories — Volume 13,18,old people,0.040645
Original Short Stories — Volume 13,19,pyre,0.040307
Original Short Stories — Volume 13,20,funeral,0.039005
Herland,1,terry,0.132959
Herland,2,motherhood,0.088016
Herland,3,woman work,0.048774
Herland,4,courtship,0.046443
Herland,5,neuter,0.04592
Herland,6,tutor,0.041824
Herland,7,rest world,0.041065
Herland,8,mother love,0.040792
Herland,9,man country,0.039114
Herland,10,civilization,0.039011
Herland,11,masculine,0.038934
Herland,12,like woman,0.038498
Herland,13,specialized,0.037419
Herland,14,country know,0.037213
Herland,15,feminine,0.036353
Herland,16,wide range,0.036205
Herland,17,woman,0.036196
Herland,18,civilized,0.035922
Herland,19,child child,0.035906
Herland,20,ant,0.035899
Minna,1,var,0.144708
Minna,2,af,0.141652
Minna,3,som,0.140544
Minna,4,med,0.136667
Minna,5,har,0.125871
Minna,6,det,0.121669
Minna,7,kan,0.116739
Minna,8,til,0.116385
Minna,9,dette,0.113388
Minna,10,om,0.113244
Minna,11,efter,0.112142
Minna,12,hun,0.111623
Minna,13,vil,0.11126
Minna,14,min,0.110332
Minna,15,minna,0.108383
Minna,16,han,0.104949
Minna,17,ind,0.103889
Minna,18,ja,0.103019
Minna,19,ingen,0.1015
Minna,20,anden,0.099334
Dracula,1,harker,0.083985
Dracula,2,mina,0.082696
Dracula,3,seward,0.080725
Dracula,4,jonathan,0.076669
Dracula,5,lucy,0.071751
Dracula,6,godalming,0.069883
Dracula,7,friend john,0.069237
Dracula,8,quincey,0.062922
Dracula,9,poor lucy,0.060895
Dracula,10,miss lucy,0.060015
Dracula,11,hawkins,0.057529
Dracula,12,say van,0.053417
Dracula,13,morris,0.050835
Dracula,14,vampire,0.047941
Dracula,15,garlic,0.045017
Dracula,16,dear madam,0.044853
Dracula,17,piccadilly,0.042956
Dracula,18,diary,0.042944
Dracula,19,crucifix,0.042896
Dracula,20,arthur,0.042068
The Time Machine,1,time traveller,0.127225
The Time Machine,2,time machine,0.117985
The Time Machine,3,camphor,0.07295
The Time Machine,4,psychologist,0.070681
The Time Machine,5,medical man,0.069997
The Time Machine,6,sphinx,0.065901
The Time Machine,7,pedestal,0.060951
The Time Machine,8,porcelain,0.058384
The Time Machine,9,lever,0.054234
The Time Machine,10,traveller,0.053653
The Time Machine,11,laboratory,0.051979
The Time Machine,12,dimensional,0.051755
The Time Machine,13,incontinently,0.050713
The Time Machine,14,rhododendron,0.049414
The Time Machine,15,editor,0.047226
The Time Machine,16,medical,0.046435
The Time Machine,17,dimension,0.046057
The Time Machine,18,journalist,0.045425
The Time Machine,19,hillock,0.044678
The Time Machine,20,civilisation,0.044678
The Enchanted Castle,1,gerald,0.138686
The Enchanted Castle,2,kathleen,0.125309
The Enchanted Castle,3,mabel,0.118239
The Enchanted Castle,4,say kathleen,0.107915
The Enchanted Castle,5,say jimmy,0.097913
The Enchanted Castle,6,jimmy,0.086499
The Enchanted Castle,7,eliza,0.084689
The Enchanted Castle,8,phoebus,0.081975
The Enchanted Castle,9,mademoiselle,0.077394
The Enchanted Castle,10,bailiff,0.061144
The Enchanted Castle,11,ring say,0.061016
The Enchanted Castle,12,jerry,0.058739
The Enchanted Castle,13,rhododendron,0.05711
The Enchanted Castle,14,bun,0.054164
The Enchanted Castle,15,come alive,0.054148
The Enchanted Castle,16,princess,0.053297
The Enchanted Castle,17,johnson,0.051933
The Enchanted Castle,18,say aunt,0.049116
The Enchanted Castle,19,say lord,0.046477
The Enchanted Castle,20,flora,0.0463
The war of the worlds,1,martians,0.107636
The war of the worlds,2,martian,0.095926
The war of the worlds,3,heat ray,0.087366
The war of the worlds,4,artilleryman,0.081613
The war of the worlds,5,weybridge,0.072571
The war of the worlds,6,ogilvy,0.068532
The war of the worlds,7,curate,0.06442
The war of the worlds,8,black smoke,0.058725
The war of the worlds,9,cylinder,0.055781
The war of the worlds,10,tentacle,0.055353
The war of the worlds,11,henderson,0.054995
The war of the worlds,12,mars,0.050937
The war of the worlds,13,scullery,0.048371
The war of the worlds,14,pine wood,0.043717
The war of the worlds,15,waggon,0.043511
The war of the worlds,16,chaise,0.043511
The war of the worlds,17,richmond,0.04271
The war of the worlds,18,heather,0.042123
The war of the worlds,19,surrey,0.041669
The war of the worlds,20,vapour,0.041327
The Ragged Trousered Philanthropists,1,easton,0.083085
The Ragged Trousered Philanthropists,2,harlow,0.075049
The Ragged Trousered Philanthropists,3,crass,0.072288
The Ragged Trousered Philanthropists,4,bert,0.06467
The Ragged Trousered Philanthropists,5,owen,0.062146
The Ragged Trousered Philanthropists,6,cause poverty,0.060553
The Ragged Trousered Philanthropists,7,nimrod,0.05979
The Ragged Trousered Philanthropists,8,linden,0.058918
The Ragged Trousered Philanthropists,9,newman,0.056888
The Ragged Trousered Philanthropists,10,ruth,0.053721
The Ragged Trousered Philanthropists,11,sweater,0.053276
The Ragged Trousered Philanthropists,12,elsie,0.050479
The Ragged Trousered Philanthropists,13,nora,0.050346
The Ragged Trousered Philanthropists,14,grinder,0.049013
The Ragged Trousered Philanthropists,15,wot,0.048984
The Ragged Trousered Philanthropists,16,ouse,0.048952
The Ragged Trousered Philanthropists,17,charley,0.047671
The Ragged Trousered Philanthropists,18,orf,0.046443
The Ragged Trousered Philanthropists,19,ave,0.045637
The Ragged Trousered Philanthropists,20,present system,0.044935
"Prophets of Dissent : Essays on Maeterlinck, Strindberg, Nietzsche and Tolstoy",1,strindberg,0.100016
"Prophets of Dissent : Essays on Maeterlinck, Strindberg, Nietzsche and Tolstoy",2,maeterlinck,0.099912
"Prophets of Dissent : Essays on Maeterlinck, Strindberg, Nietzsche and Tolstoy",3,tolstoy,0.090072
"Prophets of Dissent : Essays on Maeterlinck, Strindberg, Nietzsche and Tolstoy",4,nietzsche,0.081744
"Prophets of Dissent : Essays on Maeterlinck, Strindberg, Nietzsche and Tolstoy",5,zarathustra,0.068421
"Prophets of Dissent : Essays on Maeterlinck, Strindberg, Nietzsche and Tolstoy",6,muzhik,0.062765
"Prophets of Dissent : Essays on Maeterlinck, Strindberg, Nietzsche and Tolstoy",7,fatalism,0.056217
"Prophets of Dissent : Essays on Maeterlinck, Strindberg, Nietzsche and Tolstoy",8,spake zarathustra,0.053097
"Prophets of Dissent : Essays on Maeterlinck, Strindberg, Nietzsche and Tolstoy",9,ibsen,0.052977
"Prophets of Dissent : Essays on Maeterlinck, Strindberg, Nietzsche and Tolstoy",10,superman,0.05102
"Prophets of Dissent : Essays on Maeterlinck, Strindberg, Nietzsche and Tolstoy",11,friedrich,0.05089
"Prophets of Dissent : Essays on Maeterlinck, Strindberg, Nietzsche and Tolstoy",12,ethical,0.049489
"Prophets of Dissent : Essays on Maeterlinck, Strindberg, Nietzsche and Tolstoy",13,mysticism,0.047038
"Prophets of Dissent : Essays on Maeterlinck, Strindberg, Nietzsche and Tolstoy",14,anna,0.046983
"Prophets of Dissent : Essays on Maeterlinck, Strindberg, Nietzsche and Tolstoy",15,wagner,0.045099
"Prophets of Dissent : Essays on Maeterlinck, Strindberg, Nietzsche and Tolstoy",16,maurice,0.04412
"Prophets of Dissent : Essays on Maeterlinck, Strindberg, Nietzsche and Tolstoy",17,spake,0.04412
"Prophets of Dissent : Essays on Maeterlinck, Strindberg, Nietzsche and Tolstoy",18,emerson,0.043576
"Prophets of Dissent : Essays on Maeterlinck, Strindberg, Nietzsche and Tolstoy",19,rousseau,0.042886
"Prophets of Dissent : Essays on Maeterlinck, Strindberg, Nietzsche and Tolstoy",20,pessimism,0.042639
"Prophets of Dissent : Essays on Maeterlinck, Strindberg, Nietzsche and Tolstoy",1,maeterlinck,0.099628
"Prophets of Dissent : Essays on Maeterlinck, Strindberg, Nietzsche and Tolstoy",2,strindberg,0.099577
"Prophets of Dissent : Essays on Maeterlinck, Strindberg, Nietzsche and Tolstoy",3,tolstoy,0.089856
"Prophets of Dissent : Essays on Maeterlinck, Strindberg, Nietzsche and Tolstoy",4,nietzsche,0.081538
"Prophets of Dissent : Essays on Maeterlinck, Strindberg, Nietzsche and Tolstoy",5,zarathustra,0.068492
"Prophets of Dissent : Essays on Maeterlinck, Strindberg, Nietzsche and Tolstoy",6,muzhik,0.062831
"Prophets of Dissent : Essays on Maeterlinck, Strindberg, Nietzsche and Tolstoy",7,fatalism,0.056276
"Prophets of Dissent : Essays on Maeterlinck, Strindberg, Nietzsche and Tolstoy",8,spake zarathustra,0.053152
"Prophets of Dissent : Essays on Maeterlinck, Strindberg, Nietzsche and Tolstoy",9,ibsen,0.053032
"Prophets of Dissent : Essays on Maeterlinck, Strindberg, Nietzsche and Tolstoy",10,superman,0.051074
"Prophets of Dissent : Essays on Maeterlinck, Strindberg, Nietzsche and Tolstoy",11,ethical,0.049541
"Prophets of Dissent : Essays on Maeterlinck, Strindberg, Nietzsche and Tolstoy",12,friedrich,0.049514
"Prophets of Dissent : Essays on Maeterlinck, Strindberg, Nietzsche and Tolstoy",13,anna,0.047032
"Prophets of Dissent : Essays on Maeterlinck, Strindberg, Nietzsche and Tolstoy",14,mysticism,0.045912
"Prophets of Dissent : Essays on Maeterlinck, Strindberg, Nietzsche and Tolstoy",15,wagner,0.045146
"Prophets of Dissent : Essays on Maeterlinck, Strindberg, Nietzsche and Tolstoy",16,spake,0.044166
"Prophets of Dissent : Essays on Maeterlinck, Strindberg, Nietzsche and Tolstoy",17,emerson,0.043621
"Prophets of Dissent : Essays on Maeterlinck, Strindberg, Nietzsche and Tolstoy",18,rousseau,0.042931
"Prophets of Dissent : Essays on Maeterlinck, Strindberg, Nietzsche and Tolstoy",19,pessimism,0.042683
"Prophets of Dissent : Essays on Maeterlinck, Strindberg, Nietzsche and Tolstoy",20,maurice,0.041855
Pygmalion,1,pickering,0.161404
Pygmalion,2,doolittle,0.151585
Pygmalion,3,higgins,0.149691
Pygmalion,4,pearce,0.146454
Pygmalion,5,liza,0.134519
Pygmalion,6,eliza,0.126656
Pygmalion,7,freddy,0.111856
Pygmalion,8,parlor maid,0.108224
Pygmalion,9,mrs,0.097543
Pygmalion,10,ottoman,0.086813
Pygmalion,11,taker,0.084747
Pygmalion,12,clara,0.080596
Pygmalion,13,ow,0.072434
Pygmalion,14,ah ah,0.06968
Pygmalion,15,bystander,0.065598
Pygmalion,16,oo,0.062976
Pygmalion,17,parlor,0.062551
Pygmalion,18,governor,0.057809
Pygmalion,19,colonel,0.056865
Pygmalion,20,hearthrug,0.056383
The Souls of Black Folk,1,atlanta,0.077946
The Souls of Black Folk,2,negroes,0.075906
The Souls of Black Folk,3,freedman,0.074738
The Souls of Black Folk,4,black belt,0.070762
The Souls of Black Folk,5,josie,0.069205
The Souls of Black Folk,6,laborer,0.060365
The Souls of Black Folk,7,negro,0.05872
The Souls of Black Folk,8,black man,0.055264
The Souls of Black Folk,9,georgia,0.052667
The Souls of Black Folk,10,schoolhouse,0.04979
The Souls of Black Folk,11,howard,0.049401
The Souls of Black Folk,12,tuskegee,0.047769
The Souls of Black Folk,13,nigger,0.046881
The Souls of Black Folk,14,washington,0.046854
The Souls of Black Folk,15,bureau,0.046642
The Souls of Black Folk,16,cooperation,0.046126
The Souls of Black Folk,17,workingman,0.045773
The Souls of Black Folk,18,economic,0.045761
The Souls of Black Folk,19,white black,0.045569
The Souls of Black Folk,20,booker washington,0.04465
A Floating Home,1,skipper,0.093487
A Floating Home,2,arde,0.08644
A Floating Home,3,ef,0.085715
A Floating Home,4,barge,0.077434
A Floating Home,5,essex,0.077079
A Floating Home,6,topsail,0.073283
A Floating Home,7,gladstone,0.071215
A Floating Home,8,agin,0.069625
A Floating Home,9,berth,0.06777
A Floating Home,10,dinghy,0.067048
A Floating Home,11,afore,0.066338
A Floating Home,12,cockney,0.063858
A Floating Home,13,louisa,0.063013
A Floating Home,14,ark,0.062028
A Floating Home,15,sam,0.061392
A Floating Home,16,yacht,0.060417
A Floating Home,17,git,0.059283
A Floating Home,18,alma,0.057789
A Floating Home,19,aft,0.054823
A Floating Home,20,ud,0.054797
The strange case of Dr. Jekyll and Mr. Hyde,1,poole,0.134692
The strange case of Dr. Jekyll and Mr. Hyde,2,hyde,0.130888
The strange case of Dr. Jekyll and Mr. Hyde,3,lawyer,0.073941
The strange case of Dr. Jekyll and Mr. Hyde,4,edward,0.065377
The strange case of Dr. Jekyll and Mr. Hyde,5,dr,0.064721
The strange case of Dr. Jekyll and Mr. Hyde,6,ay,0.061774
The strange case of Dr. Jekyll and Mr. Hyde,7,cheque,0.06163
The strange case of Dr. Jekyll and Mr. Hyde,8,cabinet,0.059103
The strange case of Dr. Jekyll and Mr. Hyde,9,gallow,0.056928
The strange case of Dr. Jekyll and Mr. Hyde,10,butler,0.056329
The strange case of Dr. Jekyll and Mr. Hyde,11,henry,0.056019
The strange case of Dr. Jekyll and Mr. Hyde,12,laboratory,0.054166
The strange case of Dr. Jekyll and Mr. Hyde,13,drug,0.051721
The strange case of Dr. Jekyll and Mr. Hyde,14,crate,0.048665
The strange case of Dr. Jekyll and Mr. Hyde,15,compound,0.048316
The strange case of Dr. Jekyll and Mr. Hyde,16,harry,0.045509
The strange case of Dr. Jekyll and Mr. Hyde,17,tut,0.045346
The strange case of Dr. Jekyll and Mr. Hyde,18,recognise,0.045253
The strange case of Dr. Jekyll and Mr. Hyde,19,cheval,0.044621
The strange case of Dr. Jekyll and Mr. Hyde,20,murderer,0.044146
On the Road to Bagdad: A Story of Townshend's Gallant Advance on the Tigris,1,keith,0.083874
On the Road to Bagdad: A Story of Townshend's Gallant Advance on the Tigris,2,pasha,0.082238
On the Road to Bagdad: A Story of Townshend's Gallant Advance on the Tigris,3,bagdad,0.07348
On the Road to Bagdad: A Story of Townshend's Gallant Advance on the Tigris,4,philip,0.07144
On the Road to Bagdad: A Story of Townshend's Gallant Advance on the Tigris,5,tigris,0.068562
On the Road to Bagdad: A Story of Townshend's Gallant Advance on the Tigris,6,armenian,0.068559
On the Road to Bagdad: A Story of Townshend's Gallant Advance on the Tigris,7,amara,0.068276
On the Road to Bagdad: A Story of Townshend's Gallant Advance on the Tigris,8,mesopotamia,0.06717
On the Road to Bagdad: A Story of Townshend's Gallant Advance on the Tigris,9,turks,0.067078
On the Road to Bagdad: A Story of Townshend's Gallant Advance on the Tigris,10,douglas,0.066279
On the Road to Bagdad: A Story of Townshend's Gallant Advance on the Tigris,11,head quarter,0.065402
On the Road to Bagdad: A Story of Townshend's Gallant Advance on the Tigris,12,arab,0.063539
On the Road to Bagdad: A Story of Townshend's Gallant Advance on the Tigris,13,subaltern,0.062757
On the Road to Bagdad: A Story of Townshend's Gallant Advance on the Tigris,14,expeditionary,0.062438
On the Road to Bagdad: A Story of Townshend's Gallant Advance on the Tigris,15,euphrates,0.062129
On the Road to Bagdad: A Story of Townshend's Gallant Advance on the Tigris,16,motor boat,0.061935
On the Road to Bagdad: A Story of Townshend's Gallant Advance on the Tigris,17,expeditionary force,0.061602
On the Road to Bagdad: A Story of Townshend's Gallant Advance on the Tigris,18,sultan,0.060797
On the Road to Bagdad: A Story of Townshend's Gallant Advance on the Tigris,19,phil,0.060775
On the Road to Bagdad: A Story of Townshend's Gallant Advance on the Tigris,20,allah,0.057372
Beyond Good and Evil,1,free spirit,0.054152
Beyond Good and Evil,2,high man,0.053643
Beyond Good and Evil,3,morality,0.050731
Beyond Good and Evil,4,plebeian,0.050087
Beyond Good and Evil,5,schopenhauer,0.049021
Beyond Good and Evil,6,valuation,0.048572
Beyond Good and Evil,7,philosopher,0.046052
Beyond Good and Evil,8,fundamentally,0.045629
Beyond Good and Evil,9,psychologist,0.045365
Beyond Good and Evil,10,gregarious,0.045173
Beyond Good and Evil,11,type man,0.045025
Beyond Good and Evil,12,europeans,0.045025
Beyond Good and Evil,13,kant,0.044159
Beyond Good and Evil,14,socrates,0.043894
Beyond Good and Evil,15,plato,0.042857
Beyond Good and Evil,16,romanticism,0.042277
Beyond Good and Evil,17,germans,0.041732
Beyond Good and Evil,18,wagner,0.04134
Beyond Good and Evil,19,christianity,0.041049
Beyond Good and Evil,20,goethe,0.040862
Anne of Green Gables,1,josie,0.083562
Anne of Green Gables,2,anne,0.08329
Anne of Green Gables,3,gables,0.08271
Anne of Green Gables,4,cuthbert,0.08197
Anne of Green Gables,5,diana,0.081968
Anne of Green Gables,6,rachel,0.077706
Anne of Green Gables,7,barry,0.075844
Anne of Green Gables,8,andrews,0.073037
Anne of Green Gables,9,allan,0.071363
Anne of Green Gables,10,matthew,0.067848
Anne of Green Gables,11,gilbert,0.066842
Anne of Green Gables,12,phillips,0.060044
Anne of Green Gables,13,avery,0.058568
Anne of Green Gables,14,sloane,0.05814
Anne of Green Gables,15,minnie,0.054904
Anne of Green Gables,16,brooch,0.052825
Anne of Green Gables,17,jane,0.052606
Anne of Green Gables,18,ruby,0.051773
Anne of Green Gables,19,sands,0.046633
Anne of Green Gables,20,haunted,0.046633
Tales of Men and Ghosts,1,vyse,0.086665
Tales of Men and Ghosts,2,ronald,0.084895
Tales of Men and Ghosts,3,spence,0.083696
Tales of Men and Ghosts,4,boyne,0.077032
Tales of Men and Ghosts,5,lizzie,0.070648
Tales of Men and Ghosts,6,archie,0.068068
Tales of Men and Ghosts,7,grew,0.067246
Tales of Men and Ghosts,8,dredge,0.067061
Tales of Men and Ghosts,9,denver,0.058051
Tales of Men and Ghosts,10,draper,0.055959
Tales of Men and Ghosts,11,galen,0.055499
Tales of Men and Ghosts,12,melon,0.051773
Tales of Men and Ghosts,13,daunt,0.051431
Tales of Men and Ghosts,14,bain,0.050176
Tales of Men and Ghosts,15,fifth avenue,0.049351
Tales of Men and Ghosts,16,juliet,0.047302
Tales of Men and Ghosts,17,diana,0.045779
Tales of Men and Ghosts,18,parlor maid,0.04446
Tales of Men and Ghosts,19,mabel,0.043609
Tales of Men and Ghosts,20,studio,0.042276
The Outline of History: Being a Plain History of Life and Mankind,1,neolithic,0.061777
The Outline of History: Being a Plain History of Life and Mankind,2,gautama,0.055753
The Outline of History: Being a Plain History of Life and Mankind,3,aryan,0.055313
The Outline of History: Being a Plain History of Life and Mankind,4,mesozoic,0.054586
The Outline of History: Being a Plain History of Life and Mankind,5,darius,0.05248
The Outline of History: Being a Plain History of Life and Mankind,6,babylonia,0.052427
The Outline of History: Being a Plain History of Life and Mankind,7,sumerian,0.051169
The Outline of History: Being a Plain History of Life and Mankind,8,palæozoic,0.050484
The Outline of History: Being a Plain History of Life and Mankind,9,carthage,0.050413
The Outline of History: Being a Plain History of Life and Mankind,10,semitic,0.049702
The Outline of History: Being a Plain History of Life and Mankind,11,neolithic man,0.049371
The Outline of History: Being a Plain History of Life and Mankind,12,aryans,0.048583
The Outline of History: Being a Plain History of Life and Mankind,13,medes,0.048137
The Outline of History: Being a Plain History of Life and Mankind,14,nomad,0.04766
The Outline of History: Being a Plain History of Life and Mankind,15,herodotus,0.04766
The Outline of History: Being a Plain History of Life and Mankind,16,assyria,0.04766
The Outline of History: Being a Plain History of Life and Mankind,17,persians,0.047443
The Outline of History: Being a Plain History of Life and Mankind,18,hannibal,0.047334
The Outline of History: Being a Plain History of Life and Mankind,19,pericles,0.047134
The Outline of History: Being a Plain History of Life and Mankind,20,carthaginians,0.046751
Relativity : the Special and General Theory,1,co ordinate,0.145401
Relativity : the Special and General Theory,2,ordinate,0.145401
Relativity : the Special and General Theory,3,relativity,0.144668
Relativity : the Special and General Theory,4,euclidean,0.133536
Relativity : the Special and General Theory,5,gravitational,0.132417
Relativity : the Special and General Theory,6,dimensional,0.124701
Relativity : the Special and General Theory,7,lorentz,0.123131
Relativity : the Special and General Theory,8,general theory,0.122585
Relativity : the Special and General Theory,9,continuum,0.116421
Relativity : the Special and General Theory,10,measuring,0.102008
Relativity : the Special and General Theory,11,equation,0.096778
Relativity : the Special and General Theory,12,velocity,0.091805
Relativity : the Special and General Theory,13,minkowski,0.088471
Relativity : the Special and General Theory,14,coordinate,0.088187
Relativity : the Special and General Theory,15,spherical,0.083418
Relativity : the Special and General Theory,16,embankment,0.081966
Relativity : the Special and General Theory,17,empirical,0.080426
Relativity : the Special and General Theory,18,general law,0.07994
Relativity : the Special and General Theory,19,general principle,0.079557
Relativity : the Special and General Theory,20,einstein,0.078178
Pragmatism: A New Name for Some Old Ways of Thinking,1,pragmatism,0.105442
Pragmatism: A New Name for Some Old Ways of Thinking,2,rationalist,0.102245
Pragmatism: A New Name for Some Old Ways of Thinking,3,pragmatic,0.09317
Pragmatism: A New Name for Some Old Ways of Thinking,4,pragmatist,0.093166
Pragmatism: A New Name for Some Old Ways of Thinking,5,tho,0.081209
Pragmatism: A New Name for Some Old Ways of Thinking,6,empiricist,0.078319
Pragmatism: A New Name for Some Old Ways of Thinking,7,rationalism,0.077885
Pragmatism: A New Name for Some Old Ways of Thinking,8,pluralism,0.076714
Pragmatism: A New Name for Some Old Ways of Thinking,9,verification,0.072684
Pragmatism: A New Name for Some Old Ways of Thinking,10,oneness,0.072594
Pragmatism: A New Name for Some Old Ways of Thinking,11,rationalistic,0.07116
Pragmatism: A New Name for Some Old Ways of Thinking,12,empiricism,0.069509
Pragmatism: A New Name for Some Old Ways of Thinking,13,theism,0.068215
Pragmatism: A New Name for Some Old Ways of Thinking,14,schiller,0.067747
Pragmatism: A New Name for Some Old Ways of Thinking,15,connexion,0.064915
Pragmatism: A New Name for Some Old Ways of Thinking,16,materialism,0.059627
Pragmatism: A New Name for Some Old Ways of Thinking,17,unify,0.057246
Pragmatism: A New Name for Some Old Ways of Thinking,18,locke,0.057246
Pragmatism: A New Name for Some Old Ways of Thinking,19,berkeley,0.057119
Pragmatism: A New Name for Some Old Ways of Thinking,20,finite,0.055618
"South: The Story of Shackleton's Last Expedition, 1914-1917",1,floe,0.080888
"South: The Story of Shackleton's Last Expedition, 1914-1917",2,berg,0.074783
"South: The Story of Shackleton's Last Expedition, 1914-1917",3,elephant island,0.070789
"South: The Story of Shackleton's Last Expedition, 1914-1917",4,caird,0.070351
"South: The Story of Shackleton's Last Expedition, 1914-1917",5,sledging,0.069381
"South: The Story of Shackleton's Last Expedition, 1914-1917",6,hut point,0.069381
"South: The Story of Shackleton's Last Expedition, 1914-1917",7,ft,0.066282
"South: The Story of Shackleton's Last Expedition, 1914-1917",8,joyce,0.065942
"South: The Story of Shackleton's Last Expedition, 1914-1917",9,docker,0.064492
"South: The Story of Shackleton's Last Expedition, 1914-1917",10,crean,0.063369
"South: The Story of Shackleton's Last Expedition, 1914-1917",11,hayward,0.062338
"South: The Story of Shackleton's Last Expedition, 1914-1917",12,fahr,0.061203
"South: The Story of Shackleton's Last Expedition, 1914-1917",13,young ice,0.060789
"South: The Story of Shackleton's Last Expedition, 1914-1917",14,lbs,0.060789
"South: The Story of Shackleton's Last Expedition, 1914-1917",15,mackintosh,0.06041
"South: The Story of Shackleton's Last Expedition, 1914-1917",16,open water,0.058952
"South: The Story of Shackleton's Last Expedition, 1914-1917",17,blizzard,0.058281
"South: The Story of Shackleton's Last Expedition, 1914-1917",18,dudley,0.057347
"South: The Story of Shackleton's Last Expedition, 1914-1917",19,penguin,0.056684
"South: The Story of Shackleton's Last Expedition, 1914-1917",20,frost bite,0.056657
The Invisible Man: A Grotesque Romance,1,invisible man,0.121588
The Invisible Man: A Grotesque Romance,2,say marvel,0.098972
The Invisible Man: A Grotesque Romance,3,say hall,0.088658
The Invisible Man: A Grotesque Romance,4,bunting,0.083666
The Invisible Man: A Grotesque Romance,5,say invisible,0.083403
The Invisible Man: A Grotesque Romance,6,griffin,0.073251
The Invisible Man: A Grotesque Romance,7,cuss,0.071063
The Invisible Man: A Grotesque Romance,8,teddy,0.069759
The Invisible Man: A Grotesque Romance,9,mariner,0.059363
The Invisible Man: A Grotesque Romance,10,invisibility,0.055027
The Invisible Man: A Grotesque Romance,11,parlour,0.052569
The Invisible Man: A Grotesque Romance,12,cabman,0.049486
The Invisible Man: A Grotesque Romance,13,poker,0.048322
The Invisible Man: A Grotesque Romance,14,say stranger,0.047533
The Invisible Man: A Grotesque Romance,15,vicar,0.04648
The Invisible Man: A Grotesque Romance,16,tram,0.045943
The Invisible Man: A Grotesque Romance,17,say voice,0.044347
The Invisible Man: A Grotesque Romance,18,marvel,0.044301
The Invisible Man: A Grotesque Romance,19,crate,0.0442
The Invisible Man: A Grotesque Romance,20,portland,0.042839
At the Foot of the Rainbow,1,jimmy,0.103428
At the Foot of the Rainbow,2,malone,0.095929
At the Foot of the Rainbow,3,casey,0.091664
At the Foot of the Rainbow,4,father michael,0.090521
At the Foot of the Rainbow,5,say jimmy,0.090294
At the Foot of the Rainbow,6,coon,0.086458
At the Foot of the Rainbow,7,whin,0.085417
At the Foot of the Rainbow,8,na,0.084873
At the Foot of the Rainbow,9,say mary,0.079843
At the Foot of the Rainbow,10,fra,0.076824
At the Foot of the Rainbow,11,kingfisher,0.070717
At the Foot of the Rainbow,12,milk pail,0.068761
At the Foot of the Rainbow,13,bass,0.066973
At the Foot of the Rainbow,14,mary say,0.065345
At the Foot of the Rainbow,15,mary,0.058553
At the Foot of the Rainbow,16,tell ye,0.058381
At the Foot of the Rainbow,17,ye know,0.058193
At the Foot of the Rainbow,18,nicht,0.056642
At the Foot of the Rainbow,19,mary go,0.055466
At the Foot of the Rainbow,20,ye,0.05507
The Age of Innocence,1,archer,0.088339
The Age of Innocence,2,beaufort,0.087999
The Age of Innocence,3,van der,0.085046
The Age of Innocence,4,dallas,0.073738
The Age of Innocence,5,struthers,0.06898
The Age of Innocence,6,ellen,0.068293
The Age of Innocence,7,rivière,0.067079
The Age of Innocence,8,jackson,0.059299
The Age of Innocence,9,regina,0.058175
The Age of Innocence,10,fifth avenue,0.057551
The Age of Innocence,11,granny,0.055688
The Age of Innocence,12,louisa,0.05446
The Age of Innocence,13,countess,0.052196
The Age of Innocence,14,fanny,0.049965
The Age of Innocence,15,der,0.047482
The Age of Innocence,16,newport,0.047434
The Age of Innocence,17,carver,0.047263
The Age of Innocence,18,lawrence,0.047218
The Age of Innocence,19,say van,0.045988
The Age of Innocence,20,brougham,0.045292
Germinal,1,avait,0.045189
Germinal,2,était,0.042947
Germinal,3,elle,0.040695
Germinal,4,lui,0.040058
Germinal,5,camarade,0.040037
Germinal,6,ça,0.039805
Germinal,7,et il,0.03971
Germinal,8,la tête,0.039699
Germinal,9,avec,0.039668
Germinal,10,leur,0.038736
Germinal,11,mineur,0.038563
Germinal,12,fosse,0.038549
Germinal,13,là,0.038536
Germinal,14,ouvrier,0.038135
Germinal,15,il avait,0.037862
Germinal,16,voix,0.037808
Germinal,17,aux,0.037742
Germinal,18,venait,0.037677
Germinal,19,puis,0.03728
Germinal,20,la fosse,0.037241
A Shropshire Lad,1,tis,0.111599
A Shropshire Lad,2,lad,0.095532
A Shropshire Lad,3,steeple,0.080199
A Shropshire Lad,4,vane,0.077947
A Shropshire Lad,5,hearken,0.074828
A Shropshire Lad,6,poem,0.074104
A Shropshire Lad,7,jail,0.068671
A Shropshire Lad,8,ale,0.068671
A Shropshire Lad,9,yon,0.067194
A Shropshire Lad,10,slain,0.066964
A Shropshire Lad,11,ay,0.065857
A Shropshire Lad,12,afield,0.065807
A Shropshire Lad,13,trod,0.065667
A Shropshire Lad,14,woodland,0.064795
A Shropshire Lad,15,sapling,0.062887
A Shropshire Lad,16,gallow,0.062887
A Shropshire Lad,17,chime,0.062089
A Shropshire Lad,18,lover,0.061892
A Shropshire Lad,19,blackbird,0.061128
A Shropshire Lad,20,ere,0.061113
Insectivorous Plants,1,hrs,0.105531
Insectivorous Plants,2,inflect,0.100125
Insectivorous Plants,3,drosera,0.089562
Insectivorous Plants,4,hr,0.083577
Insectivorous Plants,5,protoplasm,0.081627
Insectivorous Plants,6,secretion,0.080623
Insectivorous Plants,7,minim,0.078111
Insectivorous Plants,8,pedicel,0.07734
Insectivorous Plants,9,tentacle,0.077323
Insectivorous Plants,10,carbonate,0.075967
Insectivorous Plants,11,ammonia,0.075085
Insectivorous Plants,12,gland,0.074138
Insectivorous Plants,13,motor impulse,0.074111
Insectivorous Plants,14,quadrifid,0.073273
Insectivorous Plants,15,oz,0.072981
Insectivorous Plants,16,aggregated,0.071251
Insectivorous Plants,17,phosphate,0.070442
Insectivorous Plants,18,chloride,0.070384
Insectivorous Plants,19,granular,0.07002
Insectivorous Plants,20,albuman,0.069325
"The Extraordinary Adventures of Arsène Lupin, Gentleman-Burglar",1,nelly,0.085442
"The Extraordinary Adventures of Arsène Lupin, Gentleman-Burglar",2,commissary,0.077567
"The Extraordinary Adventures of Arsène Lupin, Gentleman-Burglar",3,holmes,0.071436
"The Extraordinary Adventures of Arsène Lupin, Gentleman-Burglar",4,thousand franc,0.068795
"The Extraordinary Adventures of Arsène Lupin, Gentleman-Burglar",5,sherlock holmes,0.06752
"The Extraordinary Adventures of Arsène Lupin, Gentleman-Burglar",6,sherlock,0.06752
"The Extraordinary Adventures of Arsène Lupin, Gentleman-Burglar",7,mon,0.0669
"The Extraordinary Adventures of Arsène Lupin, Gentleman-Burglar",8,monsieur,0.064226
"The Extraordinary Adventures of Arsène Lupin, Gentleman-Burglar",9,countess,0.062022
"The Extraordinary Adventures of Arsène Lupin, Gentleman-Burglar",10,baron,0.061704
"The Extraordinary Adventures of Arsène Lupin, Gentleman-Burglar",11,franc,0.059484
"The Extraordinary Adventures of Arsène Lupin, Gentleman-Burglar",12,detective,0.057577
"The Extraordinary Adventures of Arsène Lupin, Gentleman-Burglar",13,chevalier,0.05728
"The Extraordinary Adventures of Arsène Lupin, Gentleman-Burglar",14,mon dieu,0.056426
"The Extraordinary Adventures of Arsène Lupin, Gentleman-Burglar",15,monsieur le,0.056426
"The Extraordinary Adventures of Arsène Lupin, Gentleman-Burglar",16,boulevard,0.055651
"The Extraordinary Adventures of Arsène Lupin, Gentleman-Burglar",17,automobile,0.05416
"The Extraordinary Adventures of Arsène Lupin, Gentleman-Burglar",18,necklace,0.053657
"The Extraordinary Adventures of Arsène Lupin, Gentleman-Burglar",19,gendarme,0.052798
"The Extraordinary Adventures of Arsène Lupin, Gentleman-Burglar",20,gangway,0.051472
A princess of Mars,1,tars,0.105747
A princess of Mars,2,martian,0.102767
A princess of Mars,3,sola,0.099372
A princess of Mars,4,helium,0.09699
A princess of Mars,5,martians,0.092431
A princess of Mars,6,kan,0.089668
A princess of Mars,7,tal,0.087099
A princess of Mars,8,incubator,0.077884
A princess of Mars,9,chieftain,0.07284
A princess of Mars,10,jed,0.06915
A princess of Mars,11,carter,0.063968
A princess of Mars,12,powell,0.061928
A princess of Mars,13,arizona,0.060951
A princess of Mars,14,mars,0.058349
A princess of Mars,15,waterway,0.056142
A princess of Mars,16,warrior,0.055587
A princess of Mars,17,arena,0.0517
A princess of Mars,18,tusk,0.047718
A princess of Mars,19,princess,0.047087
A princess of Mars,20,chariot,0.045731
Arizona nights,1,senor,0.102929
Arizona nights,2,senor johnson,0.098078
Arizona nights,3,denton,0.083417
Arizona nights,4,buck johnson,0.083056
Arizona nights,5,texas pete,0.079861
Arizona nights,6,jed,0.079701
Arizona nights,7,ranch,0.078072
Arizona nights,8,estrella,0.077529
Arizona nights,9,jed parker,0.076473
Arizona nights,10,schwartz,0.076446
Arizona nights,11,hosse,0.07593
Arizona nights,12,windy bill,0.071547
Arizona nights,13,cattleman,0.070618
Arizona nights,14,home ranch,0.070057
Arizona nights,15,tim,0.068935
Arizona nights,16,corral,0.068659
Arizona nights,17,dutchy,0.067738
Arizona nights,18,uncle jim,0.067546
Arizona nights,19,tusky,0.06662
Arizona nights,20,brent palmer,0.06662
Arizona nights,1,senor,0.103049
Arizona nights,2,senor johnson,0.098193
Arizona nights,3,denton,0.083514
Arizona nights,4,buck johnson,0.083153
Arizona nights,5,texas pete,0.079954
Arizona nights,6,jed,0.079794
Arizona nights,7,ranch,0.078163
Arizona nights,8,estrella,0.077266
Arizona nights,9,jed parker,0.076562
Arizona nights,10,schwartz,0.076535
Arizona nights,11,hosse,0.076018
Arizona nights,12,windy bill,0.07163
Arizona nights,13,cattleman,0.0707
Arizona nights,14,home ranch,0.070139
Arizona nights,15,tim,0.069016
Arizona nights,16,corral,0.068456
Arizona nights,17,dutchy,0.067817
Arizona nights,18,uncle jim,0.067625
Arizona nights,19,tusky,0.066698
Arizona nights,20,brent palmer,0.066698
The Story of Mankind,1,egyptians,0.050261
The Story of Mankind,2,western asia,0.049962
The Story of Mankind,3,hannibal,0.048701
The Story of Mankind,4,indo,0.048701
The Story of Mankind,5,tsar,0.048179
The Story of Mankind,6,carthage,0.046876
The Story of Mankind,7,mediaeval,0.046577
The Story of Mankind,8,western europe,0.046464
The Story of Mankind,9,greek city,0.045783
The Story of Mankind,10,roman empire,0.04428
The Story of Mankind,11,prussia,0.04428
The Story of Mankind,12,siddhartha,0.043638
The Story of Mankind,13,nile,0.042668
The Story of Mankind,14,asia minor,0.042452
The Story of Mankind,15,sparta,0.042345
The Story of Mankind,16,pope,0.0419
The Story of Mankind,17,carthaginian,0.041557
The Story of Mankind,18,civilisation,0.041551
The Story of Mankind,19,middle ages,0.041433
The Story of Mankind,20,turks,0.041109
Tarzan of the Apes,1,clayton,0.112291
Tarzan of the Apes,2,philander,0.097145
Tarzan of the Apes,3,apes,0.087199
Tarzan of the Apes,4,esmeralda,0.083597
Tarzan of the Apes,5,kala,0.080026
Tarzan of the Apes,6,lioness,0.073502
Tarzan of the Apes,7,ape man,0.063009
Tarzan of the Apes,8,jungle,0.062592
Tarzan of the Apes,9,jane,0.062086
Tarzan of the Apes,10,cruiser,0.059066
Tarzan of the Apes,11,anthropoid,0.058431
Tarzan of the Apes,12,locket,0.052879
Tarzan of the Apes,13,tut,0.049718
Tarzan of the Apes,14,ape,0.049657
Tarzan of the Apes,15,palisade,0.049072
Tarzan of the Apes,16,alice,0.048902
Tarzan of the Apes,17,say professor,0.04832
Tarzan of the Apes,18,primeval,0.047546
Tarzan of the Apes,19,cecil,0.04717
Tarzan of the Apes,20,gorilla,0.046899
"Barry Locke, half-back",1,peaches,0.117229
"Barry Locke, half-back",2,barry,0.112837
"Barry Locke, half-back",3,clyde,0.106414
"Barry Locke, half-back",4,broadmoor,0.099198
"Barry Locke, half-back",5,lyle,0.096112
"Barry Locke, half-back",6,toby,0.091997
"Barry Locke, half-back",7,benjy,0.091574
"Barry Locke, half-back",8,zo,0.088293
"Barry Locke, half-back",9,hoskins,0.085836
"Barry Locke, half-back",10,say barry,0.084807
"Barry Locke, half-back",11,major loring,0.082982
"Barry Locke, half-back",12,betty,0.082862
"Barry Locke, half-back",13,loring,0.082158
"Barry Locke, half-back",14,say peaches,0.079577
"Barry Locke, half-back",15,locke,0.077329
"Barry Locke, half-back",16,hoskin,0.072402
"Barry Locke, half-back",17,fessenden,0.071886
"Barry Locke, half-back",18,davy,0.070047
"Barry Locke, half-back",19,goof,0.069807
"Barry Locke, half-back",20,haviland,0.067839
"Barry Locke, half-back",1,peaches,0.11753
"Barry Locke, half-back",2,barry,0.113108
"Barry Locke, half-back",3,clyde,0.106595
"Barry Locke, half-back",4,broadmoor,0.099507
"Barry Locke, half-back",5,lyle,0.096411
"Barry Locke, half-back",6,toby,0.092283
"Barry Locke, half-back",7,benjy,0.091584
"Barry Locke, half-back",8,zo,0.088236
"Barry Locke, half-back",9,hoskins,0.086103
"Barry Locke, half-back",10,say barry,0.085071
"Barry Locke, half-back",11,major loring,0.08324
"Barry Locke, half-back",12,betty,0.082992
"Barry Locke, half-back",13,loring,0.082414
"Barry Locke, half-back",14,say peaches,0.079825
"Barry Locke, half-back",15,locke,0.077209
"Barry Locke, half-back",16,hoskin,0.072627
"Barry Locke, half-back",17,fessenden,0.071504
"Barry Locke, half-back",18,davy,0.070265
"Barry Locke, half-back",19,goof,0.070024
"Barry Locke, half-back",20,haviland,0.06805
The marvellous land of Snergs,1,gorbo,0.126648
The marvellous land of Snergs,2,golithos,0.109745
The marvellous land of Snergs,3,baldry,0.105012
The marvellous land of Snergs,4,mother meldrum,0.102823
The marvellous land of Snergs,5,snergs,0.102354
The marvellous land of Snergs,6,watkyns,0.10035
The marvellous land of Snergs,7,sylvia,0.100338
The marvellous land of Snergs,8,vanderdecken,0.096883
The marvellous land of Snergs,9,meldrum,0.096624
The marvellous land of Snergs,10,miss watkyns,0.094161
The marvellous land of Snergs,11,say gorbo,0.093792
The marvellous land of Snergs,12,snerg,0.090984
The marvellous land of Snergs,13,sylvia joe,0.08869
The marvellous land of Snergs,14,sir percival,0.088196
The marvellous land of Snergs,15,merse,0.086081
The marvellous land of Snergs,16,king merse,0.086081
The marvellous land of Snergs,17,percival,0.082693
The marvellous land of Snergs,18,kul,0.080233
The marvellous land of Snergs,19,king kul,0.080233
The marvellous land of Snergs,20,watkyns bay,0.07599
The marvellous land of Snergs,1,gorbo,0.126653
The marvellous land of Snergs,2,golithos,0.10975
The marvellous land of Snergs,3,baldry,0.105016
The marvellous land of Snergs,4,mother meldrum,0.102827
The marvellous land of Snergs,5,snergs,0.102358
The marvellous land of Snergs,6,watkyns,0.100354
The marvellous land of Snergs,7,sylvia,0.100342
The marvellous land of Snergs,8,vanderdecken,0.096887
The marvellous land of Snergs,9,meldrum,0.096628
The marvellous land of Snergs,10,miss watkyns,0.094165
The marvellous land of Snergs,11,say gorbo,0.093796
The marvellous land of Snergs,12,snerg,0.090988
The marvellous land of Snergs,13,sylvia joe,0.088694
The marvellous land of Snergs,14,sir percival,0.0882
The marvellous land of Snergs,15,king merse,0.086084
The marvellous land of Snergs,16,merse,0.086084
The marvellous land of Snergs,17,percival,0.082697
The marvellous land of Snergs,18,king kul,0.080237
The marvellous land of Snergs,19,kul,0.080237
The marvellous land of Snergs,20,watkyns bay,0.075993
1066 and all that,1,pg pg,0.165326
1066 and all that,2,barons,0.111788
1066 and all that,3,scots,0.091246
1066 and all that,4,surfeit,0.088847
1066 and all that,5,britons,0.087038
1066 and all that,6,danes,0.085344
1066 and all that,7,henry iv,0.082959
1066 and all that,8,memorable,0.082259
1066 and all that,9,pretender,0.080632
1066 and all that,10,walpole,0.07806
1066 and all that,11,cromwell,0.07399
1066 and all that,12,queen victoria,0.073128
1066 and all that,13,wars,0.069663
1066 and all that,14,edward,0.068546
1066 and all that,15,alfred,0.066587
1066 and all that,16,anne,0.065184
1066 and all that,17,gladstone,0.065017
1066 and all that,18,scottish,0.064249
1066 and all that,19,footnote,0.063557
1066 and all that,20,wellington,0.063194
1066 and all that,1,barons,0.114543
1066 and all that,2,scots,0.093495
1066 and all that,3,surfeit,0.091037
1066 and all that,4,britons,0.089183
1066 and all that,5,danes,0.087447
1066 and all that,6,henry iv,0.085004
1066 and all that,7,memorable,0.084286
1066 and all that,8,pretender,0.082619
1066 and all that,9,walpole,0.079984
1066 and all that,10,cromwell,0.075813
1066 and all that,11,queen victoria,0.07493
1066 and all that,12,wars,0.07138
1066 and all that,13,edward,0.070236
1066 and all that,14,alfred,0.068228
1066 and all that,15,anne,0.066791
1066 and all that,16,gladstone,0.06662
1066 and all that,17,scottish,0.065833
1066 and all that,18,wellington,0.064751
1066 and all that,19,henry,0.061406
1066 and all that,20,cæsar,0.060734
Pour comprendre Einstein,1,relativité,0.051337
Pour comprendre Einstein,2,la relativité,0.050838
Pour comprendre Einstein,3,temps,0.046738
Pour comprendre Einstein,4,même,0.045709
Pour comprendre Einstein,5,vitesse,0.045462
Pour comprendre Einstein,6,que nous,0.045141
Pour comprendre Einstein,7,nombre,0.044452
Pour comprendre Einstein,8,sont,0.043952
Pour comprendre Einstein,9,nous,0.04364
Pour comprendre Einstein,10,lumière,0.043544
Pour comprendre Einstein,11,notre,0.042943
Pour comprendre Einstein,12,théorie,0.042813
Pour comprendre Einstein,13,infini,0.042743
Pour comprendre Einstein,14,la lumière,0.04242
Pour comprendre Einstein,15,relativiste,0.042416
Pour comprendre Einstein,16,einstein,0.04236
Pour comprendre Einstein,17,physicien,0.042025
Pour comprendre Einstein,18,avec,0.041732
Pour comprendre Einstein,19,dans,0.041717
Pour comprendre Einstein,20,peut,0.041452
Pour comprendre Einstein,1,relativité,0.051074
Pour comprendre Einstein,2,la relativité,0.050559
Pour comprendre Einstein,3,temps,0.046648
Pour comprendre Einstein,4,même,0.045726
Pour comprendre Einstein,5,vitesse,0.045479
Pour comprendre Einstein,6,que nous,0.045158
Pour comprendre Einstein,7,nombre,0.044469
Pour comprendre Einstein,8,sont,0.043968
Pour comprendre Einstein,9,nous,0.043656
Pour comprendre Einstein,10,lumière,0.04356
Pour comprendre Einstein,11,notre,0.042958
Pour comprendre Einstein,12,théorie,0.042829
Pour comprendre Einstein,13,infini,0.042633
Pour comprendre Einstein,14,la lumière,0.042436
Pour comprendre Einstein,15,relativiste,0.042431
Pour comprendre Einstein,16,einstein,0.042109
Pour comprendre Einstein,17,physicien,0.042041
Pour comprendre Einstein,18,avec,0.041747
Pour comprendre Einstein,19,dans,0.041732
Pour comprendre Einstein,20,peut,0.041468
"Nazi conspiracy and aggression, Volume 04 (of 11)",1,reich,0.094915
"Nazi conspiracy and aggression, Volume 04 (of 11)",2,ps,0.071929
"Nazi conspiracy and aggression, Volume 04 (of 11)",3,high command,0.071462
"Nazi conspiracy and aggression, Volume 04 (of 11)",4,ss,0.071109
"Nazi conspiracy and aggression, Volume 04 (of 11)",5,air force,0.0711
"Nazi conspiracy and aggression, Volume 04 (of 11)",6,mobilization,0.065456
"Nazi conspiracy and aggression, Volume 04 (of 11)",7,plenipotentiary,0.061751
"Nazi conspiracy and aggression, Volume 04 (of 11)",8,armistice,0.061466
"Nazi conspiracy and aggression, Volume 04 (of 11)",9,synagogue,0.061398
"Nazi conspiracy and aggression, Volume 04 (of 11)",10,forces,0.061342
"Nazi conspiracy and aggression, Volume 04 (of 11)",11,german government,0.060078
"Nazi conspiracy and aggression, Volume 04 (of 11)",12,minister interior,0.060078
"Nazi conspiracy and aggression, Volume 04 (of 11)",13,field marshal,0.05748
"Nazi conspiracy and aggression, Volume 04 (of 11)",14,year plan,0.055474
"Nazi conspiracy and aggression, Volume 04 (of 11)",15,special mission,0.054867
"Nazi conspiracy and aggression, Volume 04 (of 11)",16,general staff,0.054178
"Nazi conspiracy and aggression, Volume 04 (of 11)",17,bulgarian,0.053894
"Nazi conspiracy and aggression, Volume 04 (of 11)",18,criminal police,0.053198
"Nazi conspiracy and aggression, Volume 04 (of 11)",19,french government,0.052971
"Nazi conspiracy and aggression, Volume 04 (of 11)",20,prisoner war,0.052226
Peter Pan,1,wendy,0.157583
Peter Pan,2,pg pg,0.149885
Peter Pan,3,mrs darling,0.129361
Peter Pan,4,mr darling,0.126201
Peter Pan,5,nana,0.116691
Peter Pan,6,smee,0.113028
Peter Pan,7,starkey,0.10927
Peter Pan,8,tink,0.103734
Peter Pan,9,tootles,0.103307
Peter Pan,10,nibs,0.099231
Peter Pan,11,peter wendy,0.098317
Peter Pan,12,wendy peter,0.098317
Peter Pan,13,peter pan,0.094254
Peter Pan,14,wendy wendy,0.087916
Peter Pan,15,liza,0.0833
Peter Pan,16,peter peter,0.082997
Peter Pan,17,peter,0.082977
Peter Pan,18,mrs,0.079093
Peter Pan,19,mermaid,0.078926
Peter Pan,20,tiger lily,0.07879
Peter Pan,1,wendy,0.159708
Peter Pan,2,mrs darling,0.131106
Peter Pan,3,mr darling,0.127903
Peter Pan,4,nana,0.118265
Peter Pan,5,smee,0.114552
Peter Pan,6,starkey,0.110743
Peter Pan,7,tink,0.105133
Peter Pan,8,tootles,0.104701
Peter Pan,9,nibs,0.100569
Peter Pan,10,wendy peter,0.099643
Peter Pan,11,peter wendy,0.099643
Peter Pan,12,peter pan,0.094372
Peter Pan,13,wendy wendy,0.089102
Peter Pan,14,liza,0.084424
Peter Pan,15,peter peter,0.084116
Peter Pan,16,peter,0.084065
Peter Pan,17,mrs,0.080159
Peter Pan,18,mermaid,0.07999
Peter Pan,19,tiger lily,0.079852
Peter Pan,20,cecco,0.078001
The boy who couldn't fly,1,jerry,0.231699
The boy who couldn't fly,2,dan,0.216069
The boy who couldn't fly,3,gus,0.187633
The boy who couldn't fly,4,comet,0.177156
The boy who couldn't fly,5,dad,0.132225
The boy who couldn't fly,6,ross,0.124339
The boy who couldn't fly,7,rudder,0.119514
The boy who couldn't fly,8,hawk,0.113587
The boy who couldn't fly,9,chute,0.11136
The boy who couldn't fly,10,pilot,0.107256
The boy who couldn't fly,11,propeller,0.10148
The boy who couldn't fly,12,guy,0.091661
The boy who couldn't fly,13,loft,0.089403
The boy who couldn't fly,14,trap door,0.089403
The boy who couldn't fly,15,huh,0.08696
The boy who couldn't fly,16,gang,0.085953
The boy who couldn't fly,17,thousand foot,0.083972
The boy who couldn't fly,18,plane,0.081909
The boy who couldn't fly,19,ace,0.081758
The boy who couldn't fly,20,crate,0.079331
"Frankenstein; or, the modern prometheus",1,frankenstein,0.077051
"Frankenstein; or, the modern prometheus",2,felix,0.07378
"Frankenstein; or, the modern prometheus",3,agatha,0.070586
"Frankenstein; or, the modern prometheus",4,geneva,0.062322
"Frankenstein; or, the modern prometheus",5,elizabeth,0.057704
"Frankenstein; or, the modern prometheus",6,chapter chapter,0.056597
"Frankenstein; or, the modern prometheus",7,beaufort,0.050828
"Frankenstein; or, the modern prometheus",8,ernest,0.047116
"Frankenstein; or, the modern prometheus",9,native country,0.046535
"Frankenstein; or, the modern prometheus",10,sledge,0.043591
"Frankenstein; or, the modern prometheus",11,hovel,0.043463
"Frankenstein; or, the modern prometheus",12,abhor,0.043128
"Frankenstein; or, the modern prometheus",13,fiend,0.042945
"Frankenstein; or, the modern prometheus",14,arabian,0.042704
"Frankenstein; or, the modern prometheus",15,blanc,0.0407
"Frankenstein; or, the modern prometheus",16,creator,0.039718
"Frankenstein; or, the modern prometheus",17,turk,0.039561
"Frankenstein; or, the modern prometheus",18,sea ice,0.039047
"Frankenstein; or, the modern prometheus",19,sympathise,0.039005
"Frankenstein; or, the modern prometheus",20,wretchedness,0.038705
Democracy and Education: An Introduction to the Philosophy of Education,1,educative,0.073321
Democracy and Education: An Introduction to the Philosophy of Education,2,subject matter,0.06671
Democracy and Education: An Introduction to the Philosophy of Education,3,social group,0.066188
Democracy and Education: An Introduction to the Philosophy of Education,4,dualism,0.061488
Democracy and Education: An Introduction to the Philosophy of Education,5,curriculum,0.056514
Democracy and Education: An Introduction to the Philosophy of Education,6,cultural,0.055161
Democracy and Education: An Introduction to the Philosophy of Education,7,reorganization,0.050649
Democracy and Education: An Introduction to the Philosophy of Education,8,educator,0.050036
Democracy and Education: An Introduction to the Philosophy of Education,9,specialized,0.049251
Democracy and Education: An Introduction to the Philosophy of Education,10,interaction,0.047253
Democracy and Education: An Introduction to the Philosophy of Education,11,irrespective,0.047015
Democracy and Education: An Introduction to the Philosophy of Education,12,immature,0.044931
Democracy and Education: An Introduction to the Philosophy of Education,13,formulation,0.044125
Democracy and Education: An Introduction to the Philosophy of Education,14,empirical,0.043706
Democracy and Education: An Introduction to the Philosophy of Education,15,environment,0.04316
Democracy and Education: An Introduction to the Philosophy of Education,16,externally,0.043154
Democracy and Education: An Introduction to the Philosophy of Education,17,intrinsic,0.042943
Democracy and Education: An Introduction to the Philosophy of Education,18,constructive,0.042429
Democracy and Education: An Introduction to the Philosophy of Education,19,stimulus,0.042366
Democracy and Education: An Introduction to the Philosophy of Education,20,context,0.042306
White Fang,1,white fang,0.120961
White Fang,2,cherokee,0.081998
White Fang,3,musher,0.080813
White Fang,4,fang,0.080736
White Fang,5,lip lip,0.0802
White Fang,6,cub,0.079503
White Fang,7,beaver,0.072368
White Fang,8,lynx,0.068273
White Fang,9,sle,0.068135
White Fang,10,tepee,0.067521
White Fang,11,sled,0.066654
White Fang,12,sah,0.066432
White Fang,13,ptarmigan,0.060987
White Fang,14,mit,0.05777
White Fang,15,weasel,0.056238
White Fang,16,moose,0.055412
White Fang,17,scott,0.055135
White Fang,18,man animal,0.053277
White Fang,19,wolf,0.049193
White Fang,20,snarl,0.048822
